date,entry_time,exit_time,symbol,position,leverage,entry_price,exit_price,exit_type,pnl_percentage
2024-11-11,2024-11-11 15:51:00,2024-11-11 18:51:00,BTC,LONG,20.0,83959.09,85465.07,time_window,35.87413822612919
2024-11-11,2024-11-11 15:51:00,2024-11-11 18:51:00,ETH,LONG,20.0,3236.75,3318.98,time_window,50.810226307252655
2024-11-11,2024-11-11 15:51:00,2024-11-11 18:51:00,TON,LONG,20.0,5.374,5.423,time_window,18.23595087458146
2024-11-11,2024-11-11 15:51:00,2024-11-11 18:51:00,FTM,LONG,10.0,0.7904,0.8226,time_window,40.738866396761146
2024-11-11,2024-11-11 15:51:00,2024-11-11 18:51:00,STX,SHORT,10.0,2.036,2.034,time_window,0.9823182711199527
2024-11-11,2024-11-11 15:51:00,2024-11-11 18:51:00,TRX,SHORT,10.0,0.1654,0.1663,time_window,-5.441354292624014
2024-11-11,2024-11-11 20:31:00,2024-11-11 23:31:00,ADA,LONG,1.0,0.6034,0.6145,time_window,1.8395757374875703
2024-11-11,2024-11-11 20:31:00,2024-11-11 23:31:00,DOGE,LONG,1.0,0.32217,0.34268,time_window,6.3662041779184815
2024-11-11,2024-11-11 20:31:00,2024-11-11 23:31:00,BTC,LONG,102.0,86617.32,88940.0,time_window,273.5173057767191
2024-11-11,2024-11-11 20:31:00,2024-11-11 23:31:00,AVAX,LONG,103.0,34.23,35.35,time_window,337.01431492842676
2024-11-11,2024-11-11 20:31:00,2024-11-11 23:31:00,SUI,LONG,204.0,3.1947,3.2054,time_window,68.32566438163164
2024-11-11,2024-11-11 20:31:00,2024-11-11 23:31:00,ICP,SHORT,155.0,9.25,9.396,time_window,-244.64864864865
2024-11-11,2024-11-11 23:31:00,2024-11-12 02:31:00,UNI,LONG,1.0,9.305,9.869,time_window,6.061257388500807
2024-11-11,2024-11-11 23:31:00,2024-11-12 02:31:00,BTC,LONG,1.0,88940.0,88068.01,time_window,-0.9804250056217734
2024-11-11,2024-11-11 23:31:00,2024-11-12 02:31:00,ETH,LONG,102.0,3362.21,3314.0,time_window,-146.25558784252036
2024-11-11,2024-11-11 23:31:00,2024-11-12 02:31:00,DOGE,LONG,203.0,0.34268,0.35386,time_window,662.2913505311091
2024-11-11,2024-11-11 23:31:00,2024-11-12 02:31:00,SOL,LONG,204.0,222.31,217.85,time_window,-409.2663397957814
2024-11-11,2024-11-11 23:31:00,2024-11-12 02:31:00,SUI,SHORT,105.0,3.2054,3.1142,time_window,298.745866350534
2024-11-12,2024-11-12 02:31:00,2024-11-12 05:31:00,UNI,LONG,1.0,9.869,9.766,time_window,-1.043672104569863
2024-11-12,2024-11-12 02:31:00,2024-11-12 05:31:00,TON,LONG,1.0,5.49,5.503,time_window,0.23679417122039892
2024-11-12,2024-11-12 02:31:00,2024-11-12 05:31:00,DOGE,LONG,102.0,0.35386,0.41628,time_window,1799.2539422370423
2024-11-12,2024-11-12 02:31:00,2024-11-12 05:31:00,GRT,LONG,153.0,0.2022,0.2004,time_window,-136.20178041542997
2024-11-12,2024-11-12 02:31:00,2024-11-12 05:31:00,SOL,LONG,104.0,217.85,218.64,time_window,37.71402341060325
2024-11-12,2024-11-12 02:31:00,2024-11-12 05:31:00,FTM,SHORT,105.0,0.8138,0.8068,time_window,90.31703121159998
2024-11-12,2024-11-12 05:31:00,2024-11-12 08:31:00,BTC,LONG,20.0,88624.01,88869.32,time_window,5.535971572489492
2024-11-12,2024-11-12 05:31:00,2024-11-12 08:31:00,ETH,LONG,20.0,3340.0,3370.85,time_window,18.473053892215514
2024-11-12,2024-11-12 05:31:00,2024-11-12 08:31:00,SOL,LONG,20.0,218.64,223.37,time_window,43.26747164288345
2024-11-12,2024-11-12 05:31:00,2024-11-12 08:31:00,ADA,LONG,20.0,0.5936,0.6354,time_window,140.83557951482462
2024-11-12,2024-11-12 05:31:00,2024-11-12 08:31:00,ICP,SHORT,15.0,9.442,9.479,time_window,-5.877991950857715
2024-11-12,2024-11-12 05:31:00,2024-11-12 08:31:00,UNI,SHORT,10.0,9.766,9.696,time_window,7.1677247593692694
2024-11-12,2024-11-12 08:31:00,2024-11-12 11:31:00,TON,LONG,1.0,5.596,5.3,time_window,-5.289492494639032
2024-11-12,2024-11-12 08:31:00,2024-11-12 11:31:00,TRX,LONG,1.0,0.1688,0.1767,time_window,4.680094786729852
2024-11-12,2024-11-12 08:31:00,2024-11-12 11:31:00,BNB,LONG,102.0,652.35,629.37,time_window,-359.31018624971284
2024-11-12,2024-11-12 08:31:00,2024-11-12 11:31:00,SHIB,LONG,103.0,2.892e-05,2.661e-05,time_window,-822.7178423236513
2024-11-12,2024-11-12 08:31:00,2024-11-12 11:31:00,DOGE,LONG,154.0,0.4176,0.396,time_window,-796.5517241379312
2024-11-12,2024-11-12 08:31:00,2024-11-12 11:31:00,XRP,SHORT,105.0,0.6479,0.6437,time_window,68.06605957709493
2024-11-12,2024-11-12 11:31:00,2024-11-12 14:31:00,BNB,LONG,1.0,629.37,619.9,time_window,-1.5046792824570645
2024-11-12,2024-11-12 11:31:00,2024-11-12 14:31:00,TON,LONG,1.0,5.3,5.234,time_window,-1.2452830188679214
2024-11-12,2024-11-12 11:31:00,2024-11-12 14:31:00,DOGE,LONG,152.0,0.396,0.35422,time_window,-1603.6767676767693
2024-11-12,2024-11-12 11:31:00,2024-11-12 14:31:00,GRT,LONG,103.0,0.1945,0.1861,time_window,-444.8329048843197
2024-11-12,2024-11-12 11:31:00,2024-11-12 14:31:00,FTM,LONG,104.0,0.7597,0.7323,time_window,-375.0954324075305
2024-11-12,2024-11-12 11:31:00,2024-11-12 14:31:00,STX,SHORT,155.0,2.05,1.967,time_window,627.5609756097542
2024-11-12,2024-11-12 14:31:00,2024-11-12 17:31:00,BTC,LONG,1.0,85508.0,87710.33,time_window,2.5755835711278494
2024-11-12,2024-11-12 14:31:00,2024-11-12 17:31:00,ETH,LONG,1.0,3244.51,3263.25,time_window,0.5775910692215398
2024-11-12,2024-11-12 14:31:00,2024-11-12 17:31:00,TRX,LONG,202.0,0.1756,0.1812,time_window,644.1913439635528
2024-11-12,2024-11-12 14:31:00,2024-11-12 17:31:00,SOL,SHORT,203.0,207.67,211.9,time_window,-413.4877449800182
2024-11-12,2024-11-12 14:31:00,2024-11-12 17:31:00,DOGE,LONG,154.0,0.35422,0.37624,time_window,957.3372480379443
2024-11-12,2024-11-12 14:31:00,2024-11-12 17:31:00,ADA,SHORT,105.0,0.5695,0.5775,time_window,-147.49780509218627
2024-11-12,2024-11-12 17:31:00,2024-11-12 20:31:00,BTC,LONG,1.0,87710.33,89382.0,time_window,1.9058986552667152
2024-11-12,2024-11-12 17:31:00,2024-11-12 20:31:00,TON,LONG,202.0,5.333,5.438,time_window,397.7123570223121
2024-11-12,2024-11-12 17:31:00,2024-11-12 20:31:00,FTM,LONG,10.0,0.7439,0.7626,time_window,25.137787337007577
2024-11-12,2024-11-12 17:31:00,2024-11-12 20:31:00,TRX,SHORT,10.0,0.1812,0.1856,time_window,-24.282560706401696
2024-11-12,2024-11-12 17:31:00,2024-11-12 20:31:00,SUI,SHORT,10.0,3.1328,3.0795,time_window,17.013534218590436
2024-11-12,2024-11-12 17:31:00,2024-11-12 20:31:00,DOGE,SHORT,10.0,0.37624,0.379,time_window,-7.335743142674848
2024-11-12,2024-11-12 20:31:00,2024-11-12 23:31:00,TRX,LONG,1.0,0.1856,0.1882,time_window,1.4008620689655276
2024-11-12,2024-11-12 20:31:00,2024-11-12 23:31:00,UNI,LONG,1.0,8.917,9.028,time_window,1.244813278008306
2024-11-12,2024-11-12 20:31:00,2024-11-12 23:31:00,DOGE,LONG,102.0,0.379,0.38943,time_window,280.7018469656991
2024-11-12,2024-11-12 20:31:00,2024-11-12 23:31:00,XRP,LONG,103.0,0.7351,0.7114,time_window,-332.07726839885646
2024-11-12,2024-11-12 20:31:00,2024-11-12 23:31:00,AVAX,LONG,104.0,34.17,34.38,time_window,63.91571553994758
2024-11-12,2024-11-12 20:31:00,2024-11-12 23:31:00,TON,SHORT,155.0,5.438,5.505,time_window,-190.97094520044186
2024-11-12,2024-11-12 23:31:00,2024-11-13 02:31:00,BTC,LONG,20.0,88035.43,87422.19,time_window,-13.931663649509993
2024-11-12,2024-11-12 23:31:00,2024-11-13 02:31:00,ETH,LONG,20.0,3257.79,3223.58,time_window,-21.001967591526792
2024-11-12,2024-11-12 23:31:00,2024-11-13 02:31:00,ADA,LONG,20.0,0.5796,0.5503,time_window,-101.10420979986195
2024-11-12,2024-11-12 23:31:00,2024-11-13 02:31:00,TRX,LONG,20.0,0.1882,0.1821,time_window,-64.8246546227417
2024-11-12,2024-11-12 23:31:00,2024-11-13 02:31:00,TON,SHORT,10.0,5.505,5.392,time_window,20.526793823796467
2024-11-12,2024-11-12 23:31:00,2024-11-13 02:31:00,LTC,SHORT,10.0,77.53,74.64,time_window,37.27589320263125
2024-11-13,2024-11-13 02:31:00,2024-11-13 05:31:00,BNB,LONG,15.0,614.5,607.89,time_window,-16.135069161920295
2024-11-13,2024-11-13 02:31:00,2024-11-13 05:31:00,TON,LONG,15.0,5.392,5.271,time_window,-33.66097922848677
2024-11-13,2024-11-13 02:31:00,2024-11-13 05:31:00,LTC,LONG,15.0,74.64,73.51,time_window,-22.70900321543399
2024-11-13,2024-11-13 02:31:00,2024-11-13 05:31:00,TRX,LONG,10.0,0.1821,0.1769,time_window,-28.555738605162052
2024-11-13,2024-11-13 02:31:00,2024-11-13 05:31:00,XRP,SHORT,10.0,0.6868,0.658,time_window,41.933605125218314
2024-11-13,2024-11-13 02:31:00,2024-11-13 05:31:00,SUI,SHORT,10.0,2.9936,2.9596,time_window,11.357562800641306
2024-11-13,2024-11-13 05:31:00,2024-11-13 08:31:00,BNB,LONG,1.0,607.89,610.5,time_window,0.4293539949661968
2024-11-13,2024-11-13 05:31:00,2024-11-13 08:31:00,ICP,LONG,1.0,8.318,8.291,time_window,-0.3245972589564709
2024-11-13,2024-11-13 05:31:00,2024-11-13 08:31:00,ADA,LONG,152.0,0.539,0.5373,time_window,-47.94063079777463
2024-11-13,2024-11-13 05:31:00,2024-11-13 08:31:00,TRX,LONG,153.0,0.1769,0.1774,time_window,43.24477105709444
2024-11-13,2024-11-13 05:31:00,2024-11-13 08:31:00,DOGE,LONG,104.0,0.36837,0.38233,time_window,394.12547167250403
2024-11-13,2024-11-13 05:31:00,2024-11-13 08:31:00,SHIB,SHORT,105.0,2.434e-05,2.442e-05,time_window,-34.51109285127329
2024-11-13,2024-11-13 08:31:00,2024-11-13 11:31:00,BTC,LONG,20.0,87561.63,87574.0,time_window,0.28254384940059574
2024-11-13,2024-11-13 08:31:00,2024-11-13 11:31:00,ETH,LONG,20.0,3168.14,3169.62,time_window,0.9343021457385206
2024-11-13,2024-11-13 08:31:00,2024-11-13 11:31:00,XRP,LONG,20.0,0.6735,0.6701,time_window,-10.09651076466209
2024-11-13,2024-11-13 08:31:00,2024-11-13 11:31:00,SUI,SHORT,15.0,3.0128,3.1947,time_window,-90.56359532660657
2024-11-13,2024-11-13 08:31:00,2024-11-13 11:31:00,TON,SHORT,10.0,5.272,5.262,time_window,1.8968133535661371
2024-11-13,2024-11-13 08:31:00,2024-11-13 11:31:00,ADA,SHORT,10.0,0.5373,0.5377,time_window,-0.744463056020763
2024-11-13,2024-11-13 11:31:00,2024-11-13 14:31:00,ADA,LONG,10.0,0.5377,0.5828,time_window,83.87576715640698
2024-11-13,2024-11-13 11:31:00,2024-11-13 14:31:00,SOL,LONG,10.0,207.68,213.96,time_window,30.23882896764253
2024-11-13,2024-11-13 11:31:00,2024-11-13 14:31:00,BTC,LONG,10.0,87574.0,90336.01,time_window,31.539155457099078
2024-11-13,2024-11-13 11:31:00,2024-11-13 14:31:00,TRX,SHORT,15.0,0.1758,0.1793,time_window,-29.86348122866873
2024-11-13,2024-11-13 11:31:00,2024-11-13 14:31:00,DOGE,SHORT,20.0,0.38408,0.40877,time_window,-128.56696521558032
2024-11-13,2024-11-13 11:31:00,2024-11-13 14:31:00,GRT,SHORT,10.0,0.1771,0.1866,time_window,-53.64201016374919
2024-11-13,2024-11-13 14:31:00,2024-11-13 17:31:00,LTC,LONG,1.0,75.7,77.27,time_window,2.073976221928657
2024-11-13,2024-11-13 14:31:00,2024-11-13 17:31:00,ADA,LONG,1.0,0.5828,0.5864,time_window,0.6177076183939684
2024-11-13,2024-11-13 14:31:00,2024-11-13 17:31:00,ETH,LONG,102.0,3251.2,3272.13,time_window,65.66375492126076
2024-11-13,2024-11-13 14:31:00,2024-11-13 17:31:00,DOGE,LONG,153.0,0.40877,0.41224,time_window,129.8798835530973
2024-11-13,2024-11-13 14:31:00,2024-11-13 17:31:00,SOL,LONG,204.0,213.96,216.51,time_window,243.12955692652667
2024-11-13,2024-11-13 14:31:00,2024-11-13 17:31:00,BNB,SHORT,105.0,623.71,628.11,time_window,-74.07288643760684
2024-11-13,2024-11-13 17:31:00,2024-11-13 20:31:00,TRX,LONG,1.0,0.18,0.1761,time_window,-2.1666666666666594
2024-11-13,2024-11-13 17:31:00,2024-11-13 20:31:00,ADA,LONG,102.0,0.5864,0.5761,time_window,-179.16098226466724
2024-11-13,2024-11-13 17:31:00,2024-11-13 20:31:00,ICP,LONG,153.0,8.762,8.414,time_window,-607.6694818534595
2024-11-13,2024-11-13 17:31:00,2024-11-13 20:31:00,SUI,LONG,154.0,3.3434,3.2357,time_window,-496.07585093019037
2024-11-13,2024-11-13 17:31:00,2024-11-13 20:31:00,SOL,SHORT,105.0,216.51,212.14,time_window,211.93016488845802
2024-11-13,2024-11-13 20:31:00,2024-11-13 23:31:00,ADA,LONG,1.0,0.5761,0.5798,time_window,0.6422496094428114
2024-11-13,2024-11-13 20:31:00,2024-11-13 23:31:00,TRX,LONG,1.0,0.1761,0.1769,time_window,0.4542873367404856
2024-11-13,2024-11-13 20:31:00,2024-11-13 23:31:00,FTM,LONG,102.0,0.7012,0.7044,time_window,46.548773531089275
2024-11-13,2024-11-13 20:31:00,2024-11-13 23:31:00,SUI,LONG,103.0,3.2357,3.2878,time_window,165.84664832957262
2024-11-13,2024-11-13 20:31:00,2024-11-13 23:31:00,UNI,SHORT,105.0,8.528,8.639,time_window,-136.6674484052519
2024-11-13,2024-11-13 23:31:00,2024-11-14 02:31:00,BTC,LONG,20.0,90320.0,89840.01,time_window,-10.628653675819423
2024-11-13,2024-11-13 23:31:00,2024-11-14 02:31:00,ETH,LONG,20.0,3190.75,3185.48,time_window,-3.303298597508411
2024-11-13,2024-11-13 23:31:00,2024-11-14 02:31:00,SUI,LONG,20.0,3.2878,3.33,time_window,25.670661232435208
2024-11-13,2024-11-13 23:31:00,2024-11-14 02:31:00,DOGE,LONG,20.0,0.39993,0.38454,time_window,-76.9634686070063
2024-11-13,2024-11-13 23:31:00,2024-11-14 02:31:00,ADA,SHORT,10.0,0.5798,0.5732,time_window,11.38323559848213
2024-11-13,2024-11-13 23:31:00,2024-11-14 02:31:00,UNI,SHORT,10.0,8.639,8.503,time_window,15.742562796619893
2024-11-14,2024-11-14 02:31:00,2024-11-14 05:31:00,BTC,LONG,20.0,89840.01,89990.02,time_window,3.3394920592731303
2024-11-14,2024-11-14 02:31:00,2024-11-14 05:31:00,ETH,LONG,20.0,3185.48,3225.6,time_window,25.18929643256268
2024-11-14,2024-11-14 02:31:00,2024-11-14 05:31:00,TON,LONG,20.0,5.345,5.442,time_window,36.29560336763346
2024-11-14,2024-11-14 02:31:00,2024-11-14 05:31:00,ICP,LONG,10.0,8.346,8.589,time_window,29.115744069015136
2024-11-14,2024-11-14 02:31:00,2024-11-14 05:31:00,DOGE,SHORT,10.0,0.38454,0.39422,time_window,-25.172933895043485
2024-11-14,2024-11-14 02:31:00,2024-11-14 05:31:00,SOL,SHORT,10.0,213.7,218.59,time_window,-22.882545624707603
2024-11-14,2024-11-14 05:31:00,2024-11-14 08:31:00,BTC,LONG,20.0,89990.02,90985.43,time_window,22.122675381114234
2024-11-14,2024-11-14 05:31:00,2024-11-14 08:31:00,ETH,LONG,20.0,3225.6,3211.46,time_window,-8.767361111111033
2024-11-14,2024-11-14 05:31:00,2024-11-14 08:31:00,XRP,SHORT,20.0,0.6966,0.7006,time_window,-11.4843525696239
2024-11-14,2024-11-14 05:31:00,2024-11-14 08:31:00,BNB,LONG,15.0,630.42,646.19,time_window,37.52260397830041
2024-11-14,2024-11-14 05:31:00,2024-11-14 08:31:00,SOL,SHORT,10.0,218.59,218.92,time_window,-1.50967564847424
2024-11-14,2024-11-14 05:31:00,2024-11-14 08:31:00,LTC,LONG,15.0,82.07,81.81,time_window,-4.752040940660246
2024-11-14,2024-11-14 08:31:00,2024-11-14 11:31:00,BTC,LONG,1.0,90985.43,90961.53,time_window,-0.02626794202104027
2024-11-14,2024-11-14 08:31:00,2024-11-14 11:31:00,ETH,LONG,1.0,3211.46,3167.79,time_window,-1.3598176530300883
2024-11-14,2024-11-14 08:31:00,2024-11-14 11:31:00,LTC,LONG,202.0,81.81,79.9,time_window,-471.60493827160406
2024-11-14,2024-11-14 08:31:00,2024-11-14 11:31:00,TAO,LONG,203.0,546.6,516.7,time_window,-1110.4463959019383
2024-11-14,2024-11-14 08:31:00,2024-11-14 11:31:00,SUI,LONG,154.0,3.3894,3.2752,time_window,-518.8764973151603
2024-11-14,2024-11-14 08:31:00,2024-11-14 11:31:00,DOGE,SHORT,105.0,0.39808,0.39243,time_window,149.02783360128586
2024-11-14,2024-11-14 11:31:00,2024-11-14 14:31:00,BTC,LONG,20.0,90961.53,91419.51,time_window,10.069751465262204
2024-11-14,2024-11-14 11:31:00,2024-11-14 14:31:00,ETH,LONG,20.0,3167.79,3189.0,time_window,13.391039178733461
2024-11-14,2024-11-14 11:31:00,2024-11-14 14:31:00,TRX,LONG,20.0,0.1796,0.1841,time_window,50.111358574610286
2024-11-14,2024-11-14 11:31:00,2024-11-14 14:31:00,SUI,LONG,20.0,3.2752,3.3352,time_window,36.63898387884713
2024-11-14,2024-11-14 11:31:00,2024-11-14 14:31:00,ADA,LONG,15.0,0.5613,0.5695,time_window,21.913415285943305
2024-11-14,2024-11-14 11:31:00,2024-11-14 14:31:00,DOGE,SHORT,10.0,0.39243,0.41161,time_window,-48.87495859134107
2024-11-14,2024-11-14 14:31:00,2024-11-14 17:31:00,BNB,LONG,1.0,635.54,634.56,time_window,-0.15419957831136016
2024-11-14,2024-11-14 14:31:00,2024-11-14 17:31:00,XRP,LONG,1.0,0.7301,0.7605,time_window,4.16381317627722
2024-11-14,2024-11-14 14:31:00,2024-11-14 17:31:00,LTC,LONG,2.0,80.85,81.78,time_window,2.300556586270889
2024-11-14,2024-11-14 14:31:00,2024-11-14 17:31:00,ICP,LONG,3.0,8.39,8.179,time_window,-7.544696066746136
2024-11-14,2024-11-14 14:31:00,2024-11-14 17:31:00,DOGE,SHORT,4.0,0.41161,0.39283,time_window,18.250285464395873
2024-11-14,2024-11-14 14:31:00,2024-11-14 17:31:00,GRT,SHORT,5.0,0.1793,0.1754,time_window,10.875627440044582
2024-11-14,2024-11-14 17:31:00,2024-11-14 20:31:00,BTC,LONG,20.0,88674.84,88300.99,time_window,-8.431929507851185
2024-11-14,2024-11-14 17:31:00,2024-11-14 20:31:00,ETH,LONG,20.0,3129.12,3118.5,time_window,-6.7878508973768295
2024-11-14,2024-11-14 17:31:00,2024-11-14 20:31:00,TON,LONG,20.0,5.304,5.377,time_window,27.52639517345381
2024-11-14,2024-11-14 17:31:00,2024-11-14 20:31:00,SUI,LONG,20.0,3.3829,3.3935,time_window,6.266812498152571
2024-11-14,2024-11-14 17:31:00,2024-11-14 20:31:00,DOGE,LONG,15.0,0.39283,0.38997,time_window,-10.920754524858193
2024-11-14,2024-11-14 20:31:00,2024-11-14 23:31:00,ADA,LONG,1.0,0.5641,0.5792,time_window,2.6768303492288603
2024-11-14,2024-11-14 20:31:00,2024-11-14 23:31:00,STX,LONG,1.0,1.847,1.8,time_window,-2.5446670276123404
2024-11-14,2024-11-14 20:31:00,2024-11-14 23:31:00,UNI,LONG,102.0,8.418,8.172,time_window,-298.075552387739
2024-11-14,2024-11-14 20:31:00,2024-11-14 23:31:00,TRX,LONG,103.0,0.1783,0.1768,time_window,-86.65171060011065
2024-11-14,2024-11-14 20:31:00,2024-11-14 23:31:00,XRP,LONG,154.0,0.7777,0.7708,time_window,-136.6336633663348
2024-11-14,2024-11-14 20:31:00,2024-11-14 23:31:00,ICP,SHORT,105.0,8.177,7.946,time_window,296.62467897762
2024-11-14,2024-11-14 23:31:00,2024-11-15 02:31:00,ADA,LONG,1.0,0.5792,0.5902,time_window,1.8991712707182145
2024-11-14,2024-11-14 23:31:00,2024-11-15 02:31:00,XRP,LONG,1.0,0.7708,0.8124,time_window,5.396990140114163
2024-11-14,2024-11-14 23:31:00,2024-11-15 02:31:00,BTC,LONG,102.0,87227.68,88016.0,time_window,92.18248152421423
2024-11-14,2024-11-14 23:31:00,2024-11-15 02:31:00,SUI,LONG,153.0,3.3244,3.2242,time_window,-461.1538924317153
2024-11-14,2024-11-14 23:31:00,2024-11-15 02:31:00,TON,LONG,204.0,5.222,5.252,time_window,117.1964764458037
2024-11-14,2024-11-14 23:31:00,2024-11-15 02:31:00,DOGE,SHORT,105.0,0.36202,0.36857,time_window,-189.97569195072097
2024-11-15,2024-11-15 02:31:00,2024-11-15 05:31:00,BTC,LONG,1.0,88016.0,87770.59,time_window,-0.2788243046718818
2024-11-15,2024-11-15 02:31:00,2024-11-15 05:31:00,ETH,LONG,1.0,3067.43,3050.44,time_window,-0.5538838702105601
2024-11-15,2024-11-15 02:31:00,2024-11-15 05:31:00,ETH,LONG,202.0,3067.43,3050.44,time_window,-111.88454178253313
2024-11-15,2024-11-15 02:31:00,2024-11-15 05:31:00,LTC,LONG,202.0,81.53,80.43,time_window,-272.5377161780925
2024-11-15,2024-11-15 02:31:00,2024-11-15 05:31:00,LTC,LONG,203.0,81.53,80.43,time_window,-273.8869127928356
2024-11-15,2024-11-15 02:31:00,2024-11-15 05:31:00,XRP,LONG,203.0,0.8124,0.7962,time_window,-404.80059084194954
2024-11-15,2024-11-15 02:31:00,2024-11-15 05:31:00,XRP,LONG,154.0,0.8124,0.7962,time_window,-307.09010339734107
2024-11-15,2024-11-15 02:31:00,2024-11-15 05:31:00,ADA,SHORT,154.0,0.5902,0.5894,time_window,20.874279905114612
2024-11-15,2024-11-15 02:31:00,2024-11-15 05:31:00,ADA,SHORT,105.0,0.5902,0.5894,time_window,14.232463571669054
2024-11-15,2024-11-15 02:31:00,2024-11-15 05:31:00,SOL,SHORT,105.0,209.37,207.83,time_window,77.23169508525537
2024-11-15,2024-11-15 02:31:00,2024-11-15 05:31:00,SOL,SHORT,106.0,209.37,207.83,time_window,77.96723503844828
2024-11-15,2024-11-15 05:31:00,2024-11-15 08:31:00,XRP,LONG,1.0,0.7962,0.7859,time_window,-1.2936448128610871
2024-11-15,2024-11-15 05:31:00,2024-11-15 08:31:00,GRT,LONG,1.0,0.1695,0.1714,time_window,1.120943952802351
2024-11-15,2024-11-15 05:31:00,2024-11-15 08:31:00,TRX,LONG,102.0,0.1772,0.1794,time_window,126.63656884875888
2024-11-15,2024-11-15 05:31:00,2024-11-15 08:31:00,SUI,LONG,103.0,3.1485,3.2465,time_window,320.59710973479537
2024-11-15,2024-11-15 05:31:00,2024-11-15 08:31:00,SOL,LONG,154.0,207.83,209.58,time_window,129.67329067025935
2024-11-15,2024-11-15 05:31:00,2024-11-15 08:31:00,DOGE,SHORT,105.0,0.36287,0.36695,time_window,-118.05880893983992
2024-11-15,2024-11-15 08:31:00,2024-11-15 11:31:00,TON,LONG,1.0,5.241,5.311,time_window,1.3356229727151363
2024-11-15,2024-11-15 08:31:00,2024-11-15 11:31:00,TRX,LONG,1.0,0.1794,0.182,time_window,1.4492753623188355
2024-11-15,2024-11-15 08:31:00,2024-11-15 11:31:00,TAO,LONG,102.0,504.8,509.8,time_window,101.03011093502377
2024-11-15,2024-11-15 08:31:00,2024-11-15 11:31:00,AVAX,LONG,104.0,31.79,32.24,time_window,147.2161056936153
2024-11-15,2024-11-15 08:31:00,2024-11-15 11:31:00,LTC,SHORT,155.0,81.12,83.82,time_window,-515.9023668639031
2024-11-15,2024-11-15 11:31:00,2024-11-15 14:31:00,LTC,SHORT,1.0,83.82,84.21,time_window,-0.46528274874731645
2024-11-15,2024-11-15 11:31:00,2024-11-15 14:31:00,BNB,SHORT,1.0,622.59,612.51,time_window,1.619043029923391
2024-11-15,2024-11-15 11:31:00,2024-11-15 14:31:00,TRX,SHORT,102.0,0.182,0.188,time_window,-336.2637362637366
2024-11-15,2024-11-15 11:31:00,2024-11-15 14:31:00,ADA,SHORT,103.0,0.612,0.6648,time_window,-888.6274509803914
2024-11-15,2024-11-15 11:31:00,2024-11-15 14:31:00,DOGE,LONG,154.0,0.3711,0.36612,time_window,-206.6612772837504
2024-11-15,2024-11-15 11:31:00,2024-11-15 14:31:00,BTC,LONG,155.0,89423.65,89318.54,time_window,-18.218949908665206
2024-11-15,2024-11-15 14:31:00,2024-11-15 17:31:00,BTC,LONG,20.0,89318.54,89430.85,time_window,2.5148194316658605
2024-11-15,2024-11-15 14:31:00,2024-11-15 17:31:00,ETH,LONG,20.0,3070.03,3038.54,time_window,-20.514457513444647
2024-11-15,2024-11-15 14:31:00,2024-11-15 17:31:00,ADA,LONG,20.0,0.6648,0.6743,time_window,28.580024067388884
2024-11-15,2024-11-15 14:31:00,2024-11-15 17:31:00,DOGE,LONG,15.0,0.36612,0.35894,time_window,-29.41658472631932
2024-11-15,2024-11-15 14:31:00,2024-11-15 17:31:00,DOGE,SHORT,15.0,0.36612,0.35894,time_window,29.41658472631932
2024-11-15,2024-11-15 14:31:00,2024-11-15 17:31:00,TAO,SHORT,10.0,508.0,501.7,time_window,12.401574803149629
2024-11-15,2024-11-15 14:31:00,2024-11-15 17:31:00,SOL,SHORT,10.0,212.85,210.78,time_window,9.725158562367833
2024-11-15,2024-11-15 17:31:00,2024-11-15 20:31:00,UNI,LONG,15.0,8.199,8.396,time_window,36.04098060739132
2024-11-15,2024-11-15 17:31:00,2024-11-15 20:31:00,BTC,LONG,15.0,89430.85,90806.81,time_window,23.07861325258552
2024-11-15,2024-11-15 17:31:00,2024-11-15 20:31:00,TRX,LONG,15.0,0.1873,0.1876,time_window,2.402562733582446
2024-11-15,2024-11-15 17:31:00,2024-11-15 20:31:00,ICP,SHORT,20.0,8.201,8.692,time_window,-119.74149493964141
2024-11-15,2024-11-15 17:31:00,2024-11-15 20:31:00,XRP,SHORT,10.0,0.8821,0.8897,time_window,-8.615803196916508
2024-11-15,2024-11-15 20:31:00,2024-11-15 23:31:00,ADA,LONG,1.0,0.6768,0.6924,time_window,2.304964539007101
2024-11-15,2024-11-15 20:31:00,2024-11-15 23:31:00,BNB,LONG,1.0,616.19,618.87,time_window,0.43493078433599214
2024-11-15,2024-11-15 20:31:00,2024-11-15 23:31:00,UNI,LONG,2.0,8.396,8.543,time_window,3.5016674606955323
2024-11-15,2024-11-15 20:31:00,2024-11-15 23:31:00,LTC,LONG,3.0,83.26,83.63,time_window,1.3331731924092853
2024-11-15,2024-11-15 20:31:00,2024-11-15 23:31:00,FTM,SHORT,4.0,0.7125,0.7082,time_window,2.4140350877192818
2024-11-15,2024-11-15 20:31:00,2024-11-15 23:31:00,SOL,SHORT,5.0,214.16,218.9,time_window,-11.066492342174097
2024-11-15,2024-11-15 23:31:00,2024-11-16 02:31:00,AVAX,LONG,1.0,33.06,33.49,time_window,1.3006654567453106
2024-11-15,2024-11-15 23:31:00,2024-11-16 02:31:00,XRP,LONG,152.0,0.8919,0.8939,time_window,34.084538625406466
2024-11-15,2024-11-15 23:31:00,2024-11-16 02:31:00,ADA,LONG,153.0,0.6924,0.7219,time_window,651.8630849220098
2024-11-15,2024-11-15 23:31:00,2024-11-16 02:31:00,TRX,LONG,104.0,0.1889,0.19,time_window,60.56114346214872
2024-11-15,2024-11-15 23:31:00,2024-11-16 02:31:00,FTM,SHORT,105.0,0.7082,0.7049,time_window,48.92685682010851
2024-11-15,2024-11-15 23:31:00,2024-11-16 02:31:00,GRT,SHORT,106.0,0.1838,0.1881,time_window,-247.986942328618
2024-11-16,2024-11-16 02:31:00,2024-11-16 05:31:00,TRX,LONG,1.0,0.19,0.1897,time_window,-0.15789473684210248
2024-11-16,2024-11-16 02:31:00,2024-11-16 05:31:00,UNI,LONG,1.0,8.691,8.791,time_window,1.15061557933494
2024-11-16,2024-11-16 02:31:00,2024-11-16 05:31:00,BTC,LONG,102.0,91535.74,91458.44,time_window,-8.613684665683914
2024-11-16,2024-11-16 02:31:00,2024-11-16 05:31:00,TON,LONG,153.0,5.422,5.433,time_window,31.040206565843203
2024-11-16,2024-11-16 02:31:00,2024-11-16 05:31:00,ADA,LONG,204.0,0.7219,0.7453,time_window,661.2550214711173
2024-11-16,2024-11-16 02:31:00,2024-11-16 05:31:00,ICP,SHORT,105.0,8.776,8.966,time_window,-227.3245214220596
2024-11-16,2024-11-16 05:31:00,2024-11-16 08:31:00,BTC,LONG,1.0,91458.44,91378.52,time_window,-0.08738395275493246
2024-11-16,2024-11-16 05:31:00,2024-11-16 08:31:00,ETH,LONG,1.0,3125.01,3112.07,time_window,-0.41407867494824185
2024-11-16,2024-11-16 05:31:00,2024-11-16 08:31:00,ETH,LONG,202.0,3125.01,3112.07,time_window,-83.64389233954485
2024-11-16,2024-11-16 05:31:00,2024-11-16 08:31:00,XRP,LONG,202.0,0.9622,0.9738,time_window,243.5252546248169
2024-11-16,2024-11-16 05:31:00,2024-11-16 08:31:00,XRP,LONG,203.0,0.9622,0.9738,time_window,244.7308251922665
2024-11-16,2024-11-16 05:31:00,2024-11-16 08:31:00,ADA,LONG,203.0,0.7453,0.7218,time_window,-640.0778210116722
2024-11-16,2024-11-16 05:31:00,2024-11-16 08:31:00,ADA,LONG,154.0,0.7453,0.7218,time_window,-485.57627800885473
2024-11-16,2024-11-16 05:31:00,2024-11-16 08:31:00,UNI,SHORT,105.0,8.791,8.832,time_window,-48.97053805027914
2024-11-16,2024-11-16 05:31:00,2024-11-16 08:31:00,TON,SHORT,105.0,5.433,5.396,time_window,71.50745444505783
2024-11-16,2024-11-16 05:31:00,2024-11-16 08:31:00,TON,SHORT,106.0,5.433,5.396,time_window,72.18847782072504
2024-11-16,2024-11-16 08:31:00,2024-11-16 11:31:00,BTC,LONG,20.0,91378.52,91167.99,time_window,-4.607866268790495
2024-11-16,2024-11-16 08:31:00,2024-11-16 11:31:00,ETH,LONG,20.0,3112.07,3155.86,time_window,28.142040506800914
2024-11-16,2024-11-16 08:31:00,2024-11-16 11:31:00,BNB,LONG,20.0,622.73,626.94,time_window,13.521108666677488
2024-11-16,2024-11-16 08:31:00,2024-11-16 11:31:00,ADA,LONG,20.0,0.7218,0.7514,time_window,82.01717927403703
2024-11-16,2024-11-16 08:31:00,2024-11-16 11:31:00,XRP,LONG,15.0,0.9738,1.0363,time_window,96.27233518176217
2024-11-16,2024-11-16 08:31:00,2024-11-16 11:31:00,LTC,SHORT,10.0,86.39,88.92,time_window,-29.285796967241595
2024-11-16,2024-11-16 11:31:00,2024-11-16 14:31:00,BTC,LONG,20.0,91167.99,90960.0,time_window,-4.5627856882663576
2024-11-16,2024-11-16 11:31:00,2024-11-16 14:31:00,ETH,LONG,20.0,3155.86,3171.38,time_window,9.835670783875065
2024-11-16,2024-11-16 11:31:00,2024-11-16 14:31:00,TRX,LONG,20.0,0.1978,0.2027,time_window,49.544994944388144
2024-11-16,2024-11-16 11:31:00,2024-11-16 14:31:00,GRT,LONG,20.0,0.199,0.2023,time_window,33.165829145728615
2024-11-16,2024-11-16 11:31:00,2024-11-16 14:31:00,ADA,SHORT,10.0,0.7514,0.7672,time_window,-21.02741549108336
2024-11-16,2024-11-16 11:31:00,2024-11-16 14:31:00,SUI,SHORT,10.0,3.7295,3.7259,time_window,0.9652768467621943
2024-11-16,2024-11-16 14:31:00,2024-11-16 17:31:00,BTC,LONG,20.0,90960.0,90836.0,time_window,-2.726473175021988
2024-11-16,2024-11-16 14:31:00,2024-11-16 17:31:00,ETH,LONG,20.0,3171.38,3162.51,time_window,-5.593779364188391
2024-11-16,2024-11-16 14:31:00,2024-11-16 17:31:00,SOL,LONG,20.0,217.96,215.6,time_window,-21.655349605432313
2024-11-16,2024-11-16 14:31:00,2024-11-16 17:31:00,XRP,LONG,10.0,1.1343,1.1317,time_window,-2.292162567222214
2024-11-16,2024-11-16 14:31:00,2024-11-16 17:31:00,TRX,SHORT,10.0,0.2027,0.2036,time_window,-4.440059200789403
2024-11-16,2024-11-16 14:31:00,2024-11-16 17:31:00,UNI,SHORT,10.0,9.031,9.09,time_window,-6.533052818071008
2024-11-16,2024-11-16 17:31:00,2024-11-16 20:31:00,BTC,LONG,20.0,90836.0,90847.72,time_window,0.2580474701660391
2024-11-16,2024-11-16 17:31:00,2024-11-16 20:31:00,ETH,LONG,20.0,3162.51,3152.94,time_window,-6.0521547757952785
2024-11-16,2024-11-16 17:31:00,2024-11-16 20:31:00,BNB,LONG,20.0,627.83,627.1,time_window,-2.325470270614715
2024-11-16,2024-11-16 17:31:00,2024-11-16 20:31:00,DOGE,SHORT,15.0,0.37322,0.36819,time_window,20.215958415947615
2024-11-16,2024-11-16 17:31:00,2024-11-16 20:31:00,SHIB,SHORT,10.0,2.453e-05,2.46e-05,time_window,-2.8536485935589493
2024-11-16,2024-11-16 17:31:00,2024-11-16 20:31:00,LTC,SHORT,1000.0,93.19,95.99,time_window,-3004.614228994524
2024-11-16,2024-11-16 20:31:00,2024-11-16 23:31:00,BTC,LONG,20.0,90847.72,90625.8,time_window,-4.885538129080141
2024-11-16,2024-11-16 20:31:00,2024-11-16 23:31:00,ETH,LONG,20.0,3152.94,3139.5,time_window,-8.525376315438958
2024-11-16,2024-11-16 20:31:00,2024-11-16 23:31:00,XRP,LONG,20.0,1.1575,1.1377,time_window,-34.21166306695471
2024-11-16,2024-11-16 20:31:00,2024-11-16 23:31:00,TON,SHORT,10.0,5.722,5.661,time_window,10.660608178958551
2024-11-16,2024-11-16 20:31:00,2024-11-16 23:31:00,TRX,SHORT,10.0,0.2013,0.2003,time_window,4.967709885742677
2024-11-16,2024-11-16 20:31:00,2024-11-16 23:31:00,ADA,SHORT,15.0,0.7544,0.7381,time_window,32.40986214209965
2024-11-16,2024-11-16 23:31:00,2024-11-17 02:31:00,ETH,LONG,20.0,3139.5,3051.6,time_window,-55.99617773530823
2024-11-16,2024-11-16 23:31:00,2024-11-17 02:31:00,ADA,LONG,20.0,0.7381,0.7066,time_window,-85.3542880368513
2024-11-16,2024-11-16 23:31:00,2024-11-17 02:31:00,ICP,LONG,20.0,9.22,9.084,time_window,-29.5010845986987
2024-11-16,2024-11-16 23:31:00,2024-11-17 02:31:00,XRP,LONG,15.0,1.1377,1.0589,time_window,-103.8938208666608
2024-11-16,2024-11-16 23:31:00,2024-11-17 02:31:00,UNI,SHORT,10.0,9.083,8.712,time_window,40.84553561598595
2024-11-16,2024-11-16 23:31:00,2024-11-17 02:31:00,GRT,SHORT,10.0,0.2071,0.1948,time_window,59.39159826170935
2024-11-17,2024-11-17 02:31:00,2024-11-17 05:31:00,AVAX,LONG,1.0,33.95,36.24,time_window,6.745213549337257
2024-11-17,2024-11-17 02:31:00,2024-11-17 05:31:00,TAO,LONG,1.0,492.9,507.6,time_window,2.9823493609251464
2024-11-17,2024-11-17 02:31:00,2024-11-17 05:31:00,ICP,LONG,102.0,9.084,9.27,time_window,208.8507265521796
2024-11-17,2024-11-17 02:31:00,2024-11-17 05:31:00,BNB,LONG,103.0,611.19,625.52,time_window,241.49446162404362
2024-11-17,2024-11-17 02:31:00,2024-11-17 05:31:00,ETH,LONG,154.0,3051.6,3112.11,time_window,305.36570979158586
2024-11-17,2024-11-17 02:31:00,2024-11-17 05:31:00,SOL,SHORT,105.0,213.8,236.93,time_window,-1135.944808231992
2024-11-17,2024-11-17 05:31:00,2024-11-17 08:31:00,ETH,LONG,20.0,3112.11,3152.94,time_window,26.239432410808053
2024-11-17,2024-11-17 05:31:00,2024-11-17 08:31:00,SOL,LONG,20.0,236.93,238.69,time_window,14.85670873253696
2024-11-17,2024-11-17 05:31:00,2024-11-17 08:31:00,SHIB,LONG,20.0,2.421e-05,2.484e-05,time_window,52.04460966542743
2024-11-17,2024-11-17 05:31:00,2024-11-17 08:31:00,BNB,LONG,15.0,625.52,643.5,time_window,43.116127382018206
2024-11-17,2024-11-17 05:31:00,2024-11-17 08:31:00,LTC,SHORT,10.0,90.34,90.54,time_window,-2.213858755811411
2024-11-17,2024-11-17 05:31:00,2024-11-17 08:31:00,ICP,SHORT,15.0,9.27,9.711,time_window,-71.359223300971
2024-11-17,2024-11-17 08:31:00,2024-11-17 11:31:00,BTC,LONG,1.0,90586.63,90639.33,time_window,0.058176355605675016
2024-11-17,2024-11-17 08:31:00,2024-11-17 11:31:00,ETH,LONG,1.0,3152.94,3116.5,time_window,-1.1557466999054866
2024-11-17,2024-11-17 08:31:00,2024-11-17 11:31:00,ETH,LONG,202.0,3152.94,3116.5,time_window,-233.4608333809083
2024-11-17,2024-11-17 08:31:00,2024-11-17 11:31:00,ADA,LONG,202.0,0.7199,0.7158,time_window,-115.04375607723276
2024-11-17,2024-11-17 08:31:00,2024-11-17 11:31:00,ADA,LONG,203.0,0.7199,0.7158,time_window,-115.61327962216954
2024-11-17,2024-11-17 08:31:00,2024-11-17 11:31:00,AVAX,LONG,104.0,36.37,36.56,time_window,54.33049216387271
2024-11-17,2024-11-17 08:31:00,2024-11-17 11:31:00,XRP,SHORT,104.0,1.0703,1.046,time_window,236.12071381855546
2024-11-17,2024-11-17 08:31:00,2024-11-17 11:31:00,XRP,SHORT,105.0,1.0703,1.046,time_window,238.39110529758003
2024-11-17,2024-11-17 08:31:00,2024-11-17 11:31:00,ICP,SHORT,106.0,9.711,9.533,time_window,194.29512923488917
2024-11-17,2024-11-17 11:31:00,2024-11-17 14:31:00,ADA,LONG,10.0,0.7158,0.7234,time_window,10.617490919251258
2024-11-17,2024-11-17 11:31:00,2024-11-17 14:31:00,ETH,LONG,10.0,3116.5,3074.01,time_window,-13.633884164928535
2024-11-17,2024-11-17 11:31:00,2024-11-17 14:31:00,XRP,LONG,10.0,1.046,1.0962,time_window,47.992351816443616
2024-11-17,2024-11-17 11:31:00,2024-11-17 14:31:00,FTM,LONG,15.0,0.732,0.7122,time_window,-40.57377049180313
2024-11-17,2024-11-17 11:31:00,2024-11-17 14:31:00,DOGE,SHORT,10.0,0.3606,0.35806,time_window,7.043815862451433
2024-11-17,2024-11-17 11:31:00,2024-11-17 14:31:00,SHIB,SHORT,10.0,2.453e-05,2.454e-05,time_window,-0.40766408479405664
2024-11-17,2024-11-17 14:31:00,2024-11-17 17:31:00,ETH,LONG,20.0,3074.01,3101.13,time_window,17.64470512457662
2024-11-17,2024-11-17 14:31:00,2024-11-17 17:31:00,TON,LONG,20.0,5.443,5.496,time_window,19.474554473636168
2024-11-17,2024-11-17 14:31:00,2024-11-17 17:31:00,FTM,LONG,15.0,0.7122,0.7127,time_window,1.0530749789383844
2024-11-17,2024-11-17 14:31:00,2024-11-17 17:31:00,ADA,SHORT,10.0,0.7234,0.7387,time_window,-21.150124412496517
2024-11-17,2024-11-17 14:31:00,2024-11-17 17:31:00,AVAX,SHORT,10.0,36.16,35.95,time_window,5.807522123893633
2024-11-17,2024-11-17 17:31:00,2024-11-17 20:31:00,BTC,LONG,20.0,90447.99,89664.69,time_window,-17.32045123390808
2024-11-17,2024-11-17 17:31:00,2024-11-17 20:31:00,ETH,LONG,20.0,3101.13,3072.67,time_window,-18.35459977492078
2024-11-17,2024-11-17 17:31:00,2024-11-17 20:31:00,TRX,LONG,20.0,0.1977,0.1977,time_window,0.0
2024-11-17,2024-11-17 17:31:00,2024-11-17 20:31:00,ADA,LONG,20.0,0.7387,0.7106,time_window,-76.07959929606069
2024-11-17,2024-11-17 17:31:00,2024-11-17 20:31:00,GRT,SHORT,15.0,0.1973,0.1919,time_window,41.054232133806515
2024-11-17,2024-11-17 17:31:00,2024-11-17 20:31:00,DOGE,SHORT,10.0,0.36791,0.36031,time_window,20.657225951999116
2024-11-17,2024-11-17 20:31:00,2024-11-17 23:31:00,AVAX,LONG,1.0,35.14,34.78,time_window,-1.0244735344336922
2024-11-17,2024-11-17 20:31:00,2024-11-17 23:31:00,TRX,LONG,152.0,0.1977,0.1992,time_window,115.32625189681346
2024-11-17,2024-11-17 20:31:00,2024-11-17 23:31:00,ADA,LONG,103.0,0.7106,0.7093,time_window,-18.843231072332774
2024-11-17,2024-11-17 20:31:00,2024-11-17 23:31:00,XRP,LONG,104.0,1.0362,1.0671,time_window,310.1331789229871
2024-11-17,2024-11-17 20:31:00,2024-11-17 23:31:00,SUI,SHORT,105.0,3.8162,3.7806,time_window,97.95084115088207
2024-11-17,2024-11-17 20:31:00,2024-11-17 23:31:00,LTC,SHORT,106.0,86.48,87.22,time_window,-90.70305272895405
2024-11-17,2024-11-17 23:31:00,2024-11-18 02:31:00,ADA,LONG,1.0,0.7093,0.7346,time_window,3.566896940645705
2024-11-17,2024-11-17 23:31:00,2024-11-18 02:31:00,SUI,LONG,1.0,3.7806,3.8643,time_window,2.2139342961434663
2024-11-17,2024-11-17 23:31:00,2024-11-18 02:31:00,XRP,LONG,152.0,1.0671,1.1103,time_window,615.3500140567913
2024-11-17,2024-11-17 23:31:00,2024-11-18 02:31:00,SOL,LONG,103.0,238.08,238.2,time_window,5.191532258063483
2024-11-17,2024-11-17 23:31:00,2024-11-18 02:31:00,TRX,LONG,104.0,0.1992,0.2026,time_window,177.51004016064334
2024-11-17,2024-11-17 23:31:00,2024-11-18 02:31:00,DOGE,SHORT,105.0,0.36776,0.37169,time_window,-112.20633021535913
2024-11-18,2024-11-18 02:31:00,2024-11-18 05:31:00,BTC,LONG,1.0,90567.86,90730.37,time_window,0.17943451462803114
2024-11-18,2024-11-18 02:31:00,2024-11-18 05:31:00,ETH,LONG,1.0,3116.49,3115.79,time_window,-0.022461166247920515
2024-11-18,2024-11-18 02:31:00,2024-11-18 05:31:00,FTM,LONG,202.0,0.7101,0.7183,time_window,233.26292071539496
2024-11-18,2024-11-18 02:31:00,2024-11-18 05:31:00,TRX,LONG,203.0,0.2026,0.2031,time_window,50.09871668311949
2024-11-18,2024-11-18 02:31:00,2024-11-18 05:31:00,ICP,LONG,104.0,9.235,9.213,time_window,-24.77531131564727
2024-11-18,2024-11-18 02:31:00,2024-11-18 05:31:00,LTC,SHORT,105.0,90.36,93.58,time_window,-374.1699867197874
2024-11-18,2024-11-18 05:31:00,2024-11-18 08:31:00,BTC,LONG,20.0,90730.37,91825.48,time_window,24.13987730899809
2024-11-18,2024-11-18 05:31:00,2024-11-18 08:31:00,ETH,LONG,20.0,3115.79,3126.59,time_window,6.932431261413755
2024-11-18,2024-11-18 05:31:00,2024-11-18 08:31:00,TAO,LONG,20.0,494.3,494.0,time_window,-1.213837750354082
2024-11-18,2024-11-18 05:31:00,2024-11-18 08:31:00,LTC,SHORT,20.0,93.58,92.02,time_window,33.34045736268439
2024-11-18,2024-11-18 05:31:00,2024-11-18 08:31:00,TRX,SHORT,10.0,0.2031,0.2051,time_window,-9.84736582964058
2024-11-18,2024-11-18 05:31:00,2024-11-18 08:31:00,TON,LONG,10.0,5.49,5.511,time_window,3.825136612021841
2024-11-18,2024-11-18 08:31:00,2024-11-18 11:31:00,BTC,SHORT,1.0,91825.48,90896.0,time_window,1.0122244936808344
2024-11-18,2024-11-18 08:31:00,2024-11-18 11:31:00,ETH,SHORT,1.0,3126.59,3084.8,time_window,1.336599937951569
2024-11-18,2024-11-18 08:31:00,2024-11-18 11:31:00,DOGE,SHORT,202.0,0.37903,0.36688,time_window,647.5213043822386
2024-11-18,2024-11-18 08:31:00,2024-11-18 11:31:00,SUI,SHORT,104.0,3.7487,3.6838,time_window,180.05175127377422
2024-11-18,2024-11-18 08:31:00,2024-11-18 11:31:00,GRT,LONG,105.0,0.2041,0.2076,time_window,180.0587947084764
2024-11-18,2024-11-18 11:31:00,2024-11-18 14:31:00,BTC,LONG,20.0,90896.0,90252.01,time_window,-14.169820454145512
2024-11-18,2024-11-18 11:31:00,2024-11-18 14:31:00,ETH,LONG,20.0,3084.8,3093.69,time_window,5.763744813277926
2024-11-18,2024-11-18 11:31:00,2024-11-18 14:31:00,TON,LONG,20.0,5.458,5.476,time_window,6.595822645657674
2024-11-18,2024-11-18 11:31:00,2024-11-18 14:31:00,SOL,SHORT,10.0,244.8,240.35,time_window,18.178104575163466
2024-11-18,2024-11-18 11:31:00,2024-11-18 14:31:00,ADA,SHORT,10.0,0.7476,0.7327,time_window,19.93044408774749
2024-11-18,2024-11-18 14:31:00,2024-11-18 17:31:00,BTC,LONG,20.0,90252.01,91784.03,time_window,33.94982560499216
2024-11-18,2024-11-18 14:31:00,2024-11-18 17:31:00,TRX,LONG,20.0,0.2031,0.2068,time_window,36.435253569670195
2024-11-18,2024-11-18 14:31:00,2024-11-18 17:31:00,UNI,LONG,20.0,9.052,9.266,time_window,47.282368537339906
2024-11-18,2024-11-18 14:31:00,2024-11-18 17:31:00,SUI,LONG,10.0,3.6842,3.7272,time_window,11.671461918462542
2024-11-18,2024-11-18 14:31:00,2024-11-18 17:31:00,SOL,SHORT,15.0,240.35,240.41,time_window,-0.37445392136469074
2024-11-18,2024-11-18 14:31:00,2024-11-18 17:31:00,ADA,SHORT,10.0,0.7327,0.755,time_window,-30.435376006551095
2024-11-18,2024-11-18 17:31:00,2024-11-18 20:31:00,TAO,LONG,10.0,514.3,506.6,time_window,-14.971806338712682
2024-11-18,2024-11-18 17:31:00,2024-11-18 20:31:00,ADA,LONG,10.0,0.755,0.7413,time_window,-18.14569536423847
2024-11-18,2024-11-18 17:31:00,2024-11-18 20:31:00,AVAX,LONG,10.0,35.68,35.33,time_window,-9.809417040358785
2024-11-18,2024-11-18 17:31:00,2024-11-18 20:31:00,XRP,LONG,10.0,1.1485,1.0997,time_window,-42.490204614715
2024-11-18,2024-11-18 17:31:00,2024-11-18 20:31:00,TRX,SHORT,15.0,0.2068,0.2031,time_window,26.837524177949774
2024-11-18,2024-11-18 17:31:00,2024-11-18 20:31:00,DOGE,SHORT,10.0,0.3733,0.37475,time_window,-3.8842753817305296
2024-11-18,2024-11-18 20:31:00,2024-11-18 23:31:00,BTC,SHORT,1.0,91415.99,90454.57,time_window,1.0516978484836168
2024-11-18,2024-11-18 20:31:00,2024-11-18 23:31:00,ETH,SHORT,1.0,3171.4,3161.9,time_window,0.2995522482184524
2024-11-18,2024-11-18 20:31:00,2024-11-18 23:31:00,XRP,SHORT,202.0,1.0997,1.1212,time_window,-394.9258888787865
2024-11-18,2024-11-18 20:31:00,2024-11-18 23:31:00,DOGE,LONG,203.0,0.37475,0.3713,time_window,-186.8845897264848
2024-11-18,2024-11-18 20:31:00,2024-11-18 23:31:00,ICP,LONG,154.0,9.329,9.307,time_window,-36.31686139993609
2024-11-18,2024-11-18 20:31:00,2024-11-18 23:31:00,ADA,SHORT,105.0,0.7413,0.7386,time_window,38.24362606232188
2024-11-18,2024-11-18 23:31:00,2024-11-19 02:31:00,BTC,LONG,20.0,90454.57,90988.14,time_window,11.797524436852498
2024-11-18,2024-11-18 23:31:00,2024-11-19 02:31:00,GRT,SHORT,20.0,0.2169,0.2165,time_window,3.6883356385432124
2024-11-18,2024-11-18 23:31:00,2024-11-19 02:31:00,TON,LONG,10.0,5.544,5.638,time_window,16.955266955267014
2024-11-18,2024-11-18 23:31:00,2024-11-19 02:31:00,ICP,SHORT,15.0,9.307,9.467,time_window,-25.7870420113893
2024-11-18,2024-11-18 23:31:00,2024-11-19 02:31:00,ADA,LONG,10.0,0.7386,0.7355,time_window,-4.197129704846997
2024-11-18,2024-11-18 23:31:00,2024-11-19 02:31:00,LTC,LONG,15.0,88.68,88.53,time_window,-2.537212449255847
2024-11-18,2024-11-18 23:31:00,2024-11-19 02:31:00,LTC,SHORT,15.0,88.68,88.53,time_window,2.537212449255847
2024-11-19,2024-11-19 02:31:00,2024-11-19 05:31:00,LTC,LONG,1.0,88.53,88.44,time_window,-0.10166045408336542
2024-11-19,2024-11-19 02:31:00,2024-11-19 05:31:00,ETH,LONG,1.0,3148.61,3118.1,time_window,-0.9689990186145702
2024-11-19,2024-11-19 02:31:00,2024-11-19 05:31:00,BNB,LONG,102.0,617.92,616.73,time_window,-19.643319523561946
2024-11-19,2024-11-19 02:31:00,2024-11-19 05:31:00,XRP,LONG,203.0,1.1179,1.1039,time_window,-254.22667501565056
2024-11-19,2024-11-19 02:31:00,2024-11-19 05:31:00,ICP,LONG,154.0,9.467,9.297,time_window,-276.5395584662511
2024-11-19,2024-11-19 02:31:00,2024-11-19 05:31:00,STX,SHORT,105.0,1.914,1.913,time_window,5.485893416927295
2024-11-19,2024-11-19 05:31:00,2024-11-19 08:31:00,SOL,LONG,1.0,240.34,244.81,time_window,1.8598651909794452
2024-11-19,2024-11-19 05:31:00,2024-11-19 08:31:00,SHIB,LONG,1.0,2.519e-05,2.52e-05,time_window,0.039698292973395034
2024-11-19,2024-11-19 05:31:00,2024-11-19 08:31:00,ICP,LONG,102.0,9.297,9.3,time_window,3.291384317521905
2024-11-19,2024-11-19 05:31:00,2024-11-19 08:31:00,TRX,LONG,103.0,0.2032,0.2025,time_window,-35.48228346456584
2024-11-19,2024-11-19 05:31:00,2024-11-19 08:31:00,AVAX,LONG,104.0,34.85,34.87,time_window,5.968436154948598
2024-11-19,2024-11-19 05:31:00,2024-11-19 08:31:00,ADA,SHORT,155.0,0.7425,0.7478,time_window,-110.63973063973003
2024-11-19,2024-11-19 08:31:00,2024-11-19 11:31:00,BTC,LONG,20.0,91724.73,91583.98,time_window,-3.0689651525820794
2024-11-19,2024-11-19 08:31:00,2024-11-19 11:31:00,ETH,LONG,20.0,3120.01,3113.37,time_window,-4.256396614113626
2024-11-19,2024-11-19 08:31:00,2024-11-19 11:31:00,GRT,SHORT,20.0,0.2118,0.2235,time_window,-110.48158640226644
2024-11-19,2024-11-19 08:31:00,2024-11-19 11:31:00,ADA,LONG,20.0,0.7478,0.7309,time_window,-45.19925113666763
2024-11-19,2024-11-19 08:31:00,2024-11-19 11:31:00,UNI,SHORT,10.0,9.188,9.497,time_window,-33.630822812363874
2024-11-19,2024-11-19 08:31:00,2024-11-19 11:31:00,AVAX,LONG,15.0,34.87,34.65,time_window,-9.463722397476293
2024-11-19,2024-11-19 11:31:00,2024-11-19 14:31:00,BTC,LONG,1.0,91583.98,91616.23,time_window,0.03521358211337835
2024-11-19,2024-11-19 11:31:00,2024-11-19 14:31:00,TON,SHORT,15.0,5.592,5.501,time_window,24.409871244635006
2024-11-19,2024-11-19 14:31:00,2024-11-19 17:31:00,BTC,LONG,1.0,91616.23,92795.25,time_window,1.2869117185896037
2024-11-19,2024-11-19 14:31:00,2024-11-19 17:31:00,ETH,LONG,1.0,3098.69,3116.59,time_window,0.5776634642381164
2024-11-19,2024-11-19 14:31:00,2024-11-19 17:31:00,DOGE,LONG,202.0,0.39182,0.40025,time_window,434.6026236537182
2024-11-19,2024-11-19 14:31:00,2024-11-19 17:31:00,GRT,LONG,203.0,0.2282,0.2382,time_window,889.5705521472403
2024-11-19,2024-11-19 14:31:00,2024-11-19 17:31:00,ADA,SHORT,104.0,0.7299,0.7297,time_window,2.849705439100933
2024-11-19,2024-11-19 17:31:00,2024-11-19 20:31:00,XRP,LONG,1.0,1.0953,1.1078,time_window,1.1412398429653936
2024-11-19,2024-11-19 17:31:00,2024-11-19 20:31:00,GRT,LONG,102.0,0.2382,0.2378,time_window,-17.128463476069832
2024-11-19,2024-11-19 17:31:00,2024-11-19 20:31:00,ADA,LONG,103.0,0.7297,0.7535,time_window,335.9462792928591
2024-11-19,2024-11-19 17:31:00,2024-11-19 20:31:00,TRX,LONG,154.0,0.2023,0.2016,time_window,-53.28719723183438
2024-11-19,2024-11-19 17:31:00,2024-11-19 20:31:00,ICP,SHORT,105.0,9.309,9.21,time_window,111.66612955204464
2024-11-19,2024-11-19 17:31:00,2024-11-19 20:31:00,SUI,SHORT,156.0,3.7076,3.7809,time_window,-308.4151472650778
2024-11-19,2024-11-19 20:31:00,2024-11-19 23:31:00,BTC,LONG,20.0,92922.97,92034.83,time_window,-19.115618022110127
2024-11-19,2024-11-19 20:31:00,2024-11-19 23:31:00,ETH,LONG,20.0,3108.91,3104.0,time_window,-3.1586633257314327
2024-11-19,2024-11-19 20:31:00,2024-11-19 23:31:00,DOGE,SHORT,20.0,0.39665,0.38931,time_window,37.009958401613574
2024-11-19,2024-11-19 20:31:00,2024-11-19 23:31:00,SUI,LONG,10.0,3.7809,3.7181,time_window,-16.609801899018684
2024-11-19,2024-11-19 20:31:00,2024-11-19 23:31:00,TRX,SHORT,10.0,0.2016,0.1994,time_window,10.91269841269845
2024-11-19,2024-11-19 20:31:00,2024-11-19 23:31:00,XRP,LONG,15.0,1.1078,1.1015,time_window,-8.530420653547534
2024-11-19,2024-11-19 23:31:00,2024-11-20 02:31:00,ETH,LONG,1.0,3104.0,3097.48,time_window,-0.21005154639175197
2024-11-19,2024-11-19 23:31:00,2024-11-20 02:31:00,SUI,LONG,1.0,3.7181,3.785,time_window,1.7993060972001818
2024-11-19,2024-11-19 23:31:00,2024-11-20 02:31:00,TRX,LONG,202.0,0.1994,0.1977,time_window,-172.21664994985025
2024-11-19,2024-11-19 23:31:00,2024-11-20 02:31:00,XRP,LONG,103.0,1.1015,1.0997,time_window,-16.83159328188856
2024-11-19,2024-11-19 23:31:00,2024-11-20 02:31:00,ADA,LONG,104.0,0.7355,0.7613,time_window,364.8130523453423
2024-11-19,2024-11-19 23:31:00,2024-11-20 02:31:00,GRT,SHORT,155.0,0.2322,0.2236,time_window,574.0740740740738
2024-11-20,2024-11-20 02:31:00,2024-11-20 05:31:00,BTC,LONG,1.0,91768.01,92403.78,time_window,0.6928013367621288
2024-11-20,2024-11-20 02:31:00,2024-11-20 05:31:00,ETH,LONG,1.0,3097.48,3110.2,time_window,0.4106564045611207
2024-11-20,2024-11-20 02:31:00,2024-11-20 05:31:00,FTM,LONG,202.0,0.6845,0.686,time_window,44.26588750913243
2024-11-20,2024-11-20 02:31:00,2024-11-20 05:31:00,SUI,LONG,203.0,3.785,3.7786,time_window,-34.324966974901905
2024-11-20,2024-11-20 02:31:00,2024-11-20 05:31:00,ICP,LONG,104.0,9.003,9.21,time_window,239.120293235589
2024-11-20,2024-11-20 02:31:00,2024-11-20 05:31:00,ADA,SHORT,105.0,0.7613,0.7937,time_window,-446.8672008406671
2024-11-20,2024-11-20 05:31:00,2024-11-20 08:31:00,BTC,LONG,1.0,92403.78,92969.7,time_window,0.6124424780025214
2024-11-20,2024-11-20 05:31:00,2024-11-20 08:31:00,ETH,LONG,1.0,3110.2,3121.02,time_window,0.34788759565301797
2024-11-20,2024-11-20 05:31:00,2024-11-20 08:31:00,ETH,LONG,202.0,3110.2,3121.02,time_window,70.27329432190963
2024-11-20,2024-11-20 05:31:00,2024-11-20 08:31:00,AVAX,LONG,203.0,33.85,34.37,time_window,311.8463810930552
2024-11-20,2024-11-20 05:31:00,2024-11-20 08:31:00,DOGE,LONG,203.0,0.38931,0.39228,time_window,154.86630191878083
2024-11-20,2024-11-20 05:31:00,2024-11-20 08:31:00,DOGE,LONG,154.0,0.38931,0.39228,time_window,117.48478076597168
2024-11-20,2024-11-20 05:31:00,2024-11-20 08:31:00,TRX,SHORT,154.0,0.1974,0.198,time_window,-46.80851063829921
2024-11-20,2024-11-20 05:31:00,2024-11-20 08:31:00,TRX,SHORT,105.0,0.1974,0.198,time_window,-31.91489361702219
2024-11-20,2024-11-20 05:31:00,2024-11-20 08:31:00,TON,SHORT,105.0,5.427,5.444,time_window,-32.89110005527983
2024-11-20,2024-11-20 05:31:00,2024-11-20 08:31:00,TON,SHORT,106.0,5.427,5.444,time_window,-33.20434862723488
2024-11-20,2024-11-20 08:31:00,2024-11-20 11:31:00,TON,LONG,10.0,5.444,5.416,time_window,-5.143277002204185
2024-11-20,2024-11-20 08:31:00,2024-11-20 11:31:00,SOL,LONG,10.0,237.6,236.6,time_window,-4.2087542087542085
2024-11-20,2024-11-20 08:31:00,2024-11-20 11:31:00,TAO,LONG,10.0,472.1,476.5,time_window,9.320059309468284
2024-11-20,2024-11-20 08:31:00,2024-11-20 11:31:00,XRP,LONG,15.0,1.0905,1.1215,time_window,42.64099037138916
2024-11-20,2024-11-20 08:31:00,2024-11-20 11:31:00,ADA,SHORT,10.0,0.7995,0.83,time_window,-38.148843026891775
2024-11-20,2024-11-20 11:31:00,2024-11-20 14:31:00,BTC,LONG,1.0,93169.5,94671.99,time_window,1.6126414760195182
2024-11-20,2024-11-20 11:31:00,2024-11-20 14:31:00,XRP,LONG,1.0,1.1215,1.1383,time_window,1.4979937583593534
2024-11-20,2024-11-20 11:31:00,2024-11-20 14:31:00,DOGE,LONG,202.0,0.38831,0.39541,time_window,369.3440807602171
2024-11-20,2024-11-20 11:31:00,2024-11-20 14:31:00,AVAX,SHORT,104.0,34.87,35.08,time_window,-62.632635503298225
2024-11-20,2024-11-20 11:31:00,2024-11-20 14:31:00,UNI,SHORT,105.0,9.022,9.093,time_window,-82.631345599645
2024-11-20,2024-11-20 15:59:00,2024-11-20 18:59:00,BTC,LONG,1.0,94739.97,93684.0,time_window,-1.114598199682775
2024-11-20,2024-11-20 15:59:00,2024-11-20 18:59:00,ETH,LONG,1.0,3130.0,3049.01,time_window,-2.5875399361022295
2024-11-20,2024-11-20 15:59:00,2024-11-20 18:59:00,TON,LONG,202.0,5.309,5.259,time_window,-190.24298361273242
2024-11-20,2024-11-20 15:59:00,2024-11-20 18:59:00,ADA,LONG,203.0,0.8349,0.7932,time_window,-1013.9058569888599
2024-11-20,2024-11-20 15:59:00,2024-11-20 18:59:00,STX,LONG,154.0,1.896,1.808,time_window,-714.7679324894502
2024-11-20,2024-11-20 15:59:00,2024-11-20 18:59:00,XRP,SHORT,105.0,1.1208,1.086,time_window,326.01713062098446
2024-11-20,2024-11-20 19:10:00,2024-11-20 22:10:00,AVAX,LONG,1.0,33.12,34.08,time_window,2.898550724637684
2024-11-20,2024-11-20 19:10:00,2024-11-20 22:10:00,ADA,LONG,1.0,0.7895,0.8127,time_window,2.9385687143761876
2024-11-20,2024-11-20 19:10:00,2024-11-20 22:10:00,XRP,LONG,2.0,1.079,1.1118,time_window,6.079703429101008
2024-11-20,2024-11-20 19:10:00,2024-11-20 22:10:00,SHIB,LONG,3.0,2.359e-05,2.407e-05,time_window,6.104281475201383
2024-11-20,2024-11-20 19:10:00,2024-11-20 22:10:00,DOGE,SHORT,4.0,0.36969,0.3784,time_window,-9.424112093916518
2024-11-20,2024-11-20 19:10:00,2024-11-20 22:10:00,SOL,SHORT,5.0,231.66,236.95,time_window,-11.417594750928068
2024-11-20,2024-11-20 22:10:00,2024-11-21 01:10:00,BTC,LONG,20.0,94326.55,94752.0,time_window,9.020790010871746
2024-11-20,2024-11-20 22:10:00,2024-11-21 01:10:00,ETH,LONG,20.0,3082.2,3082.41,time_window,0.13626630328988149
2024-11-20,2024-11-20 22:10:00,2024-11-21 01:10:00,BNB,LONG,20.0,611.4,607.84,time_window,-11.645403990840515
2024-11-20,2024-11-20 22:10:00,2024-11-21 01:10:00,ADA,LONG,20.0,0.8127,0.7978,time_window,-36.667897133013476
2024-11-20,2024-11-20 22:10:00,2024-11-21 01:10:00,XRP,SHORT,15.0,1.1118,1.1091,time_window,3.6427415002697314
2024-11-20,2024-11-20 22:10:00,2024-11-21 01:10:00,DOGE,SHORT,10.0,0.3784,0.38275,time_window,-11.49577167019018
2024-11-21,2024-11-21 01:10:00,2024-11-21 04:10:00,BTC,LONG,20.0,94752.0,96760.0,time_window,42.38432961837218
2024-11-21,2024-11-21 01:10:00,2024-11-21 04:10:00,ETH,LONG,20.0,3082.41,3101.33,time_window,12.276108629286872
2024-11-21,2024-11-21 01:10:00,2024-11-21 04:10:00,ADA,LONG,20.0,0.7978,0.7835,time_window,-35.848583604913465
2024-11-21,2024-11-21 01:10:00,2024-11-21 04:10:00,XRP,LONG,15.0,1.1091,1.0973,time_window,-15.958885582905102
2024-11-21,2024-11-21 01:10:00,2024-11-21 04:10:00,DOGE,SHORT,10.0,0.38275,0.37898,time_window,9.84977139124754
2024-11-21,2024-11-21 01:10:00,2024-11-21 04:10:00,SUI,SHORT,10.0,3.5901,3.5016,time_window,24.65112392412474
2024-11-21,2024-11-21 04:10:00,2024-11-21 07:10:00,TAO,LONG,1.0,485.5,484.5,time_window,-0.20597322348094746
2024-11-21,2024-11-21 04:10:00,2024-11-21 07:10:00,SOL,LONG,1.0,237.49,239.85,time_window,0.9937260516232199
2024-11-21,2024-11-21 04:10:00,2024-11-21 07:10:00,AVAX,LONG,102.0,33.45,34.01,time_window,170.7623318385635
2024-11-21,2024-11-21 04:10:00,2024-11-21 07:10:00,SUI,LONG,153.0,3.5016,3.5507,time_window,214.53906785469565
2024-11-21,2024-11-21 04:10:00,2024-11-21 07:10:00,STX,SHORT,154.0,1.862,1.91,time_window,-396.99248120300604
2024-11-21,2024-11-21 07:10:00,2024-11-21 10:10:00,BTC,LONG,1.0,97104.83,97447.35,time_window,0.3527321967403723
2024-11-21,2024-11-21 07:10:00,2024-11-21 10:10:00,ETH,LONG,1.0,3133.82,3130.98,time_window,-0.0906242221952807
2024-11-21,2024-11-21 10:10:00,2024-11-21 13:10:00,ETH,LONG,1.0,3130.98,3337.15,time_window,6.584839251608125
2024-11-21,2024-11-21 10:10:00,2024-11-21 13:10:00,TAO,LONG,1.0,466.2,498.6,time_window,6.949806949806956
2024-11-21,2024-11-21 10:10:00,2024-11-21 13:10:00,SUI,LONG,202.0,3.4616,3.6648,time_window,1185.7638086434035
2024-11-21,2024-11-21 10:10:00,2024-11-21 13:10:00,ADA,LONG,153.0,0.778,0.7991,time_window,414.9485861182521
2024-11-21,2024-11-21 10:10:00,2024-11-21 13:10:00,XRP,LONG,104.0,1.1254,1.1359,time_window,97.03216634085616
2024-11-21,2024-11-21 10:10:00,2024-11-21 13:10:00,TRX,SHORT,105.0,0.1981,0.2004,time_window,-121.90812720848038
2024-11-21,2024-11-21 13:10:00,2024-11-21 16:10:00,TON,LONG,1.0,5.532,5.499,time_window,-0.5965292841648656
2024-11-21,2024-11-21 13:10:00,2024-11-21 16:10:00,AVAX,SHORT,2.0,35.29,34.96,time_window,1.8702181921224046
2024-11-21,2024-11-21 13:10:00,2024-11-21 16:10:00,FTM,LONG,3.0,0.7034,0.7048,time_window,0.5970998009667147
2024-11-21,2024-11-21 13:10:00,2024-11-21 16:10:00,XRP,SHORT,4.0,1.1359,1.1032,time_window,11.515098160049284
2024-11-21,2024-11-21 13:10:00,2024-11-21 16:10:00,ADA,LONG,5.0,0.7991,0.782,time_window,-10.699536979101492
2024-11-21,2024-11-21 13:10:00,2024-11-21 16:10:00,SOL,SHORT,15.0,244.47,249.06,time_window,-28.162964780954738
2024-11-21,2024-11-21 16:10:00,2024-11-21 19:10:00,BTC,LONG,1.0,96484.0,98666.0,time_window,2.261514862567887
2024-11-21,2024-11-21 16:10:00,2024-11-21 19:10:00,ETH,LONG,20.0,3284.2,3374.12,time_window,54.75914986907014
2024-11-21,2024-11-21 16:10:00,2024-11-21 19:10:00,AVAX,LONG,20.0,34.96,36.08,time_window,64.07322654462227
2024-11-21,2024-11-21 16:10:00,2024-11-21 19:10:00,SOL,SHORT,10.0,249.06,258.0,time_window,-35.894965068658145
2024-11-21,2024-11-21 16:10:00,2024-11-21 19:10:00,ADA,SHORT,10.0,0.782,0.8063,time_window,-31.07416879795395
2024-11-21,2024-11-21 16:10:00,2024-11-21 19:10:00,SUI,SHORT,10.0,3.5587,3.6072,time_window,-13.628572231432885
2024-11-21,2024-11-21 19:10:00,2024-11-21 22:10:00,ETH,LONG,20.0,3374.12,3367.5,time_window,-3.9239861060068355
2024-11-21,2024-11-21 19:10:00,2024-11-21 22:10:00,ADA,LONG,20.0,0.8063,0.8049,time_window,-3.472652858737611
2024-11-21,2024-11-21 19:10:00,2024-11-21 22:10:00,XRP,LONG,20.0,1.234,1.1996,time_window,-55.75364667747162
2024-11-21,2024-11-21 19:10:00,2024-11-21 22:10:00,TRX,LONG,15.0,0.2002,0.1981,time_window,-15.734265734265664
2024-11-21,2024-11-21 19:10:00,2024-11-21 22:10:00,GRT,SHORT,15.0,0.2211,0.2193,time_window,12.21166892808681
2024-11-21,2024-11-21 19:10:00,2024-11-21 22:10:00,SHIB,SHORT,10.0,2.472e-05,2.467e-05,time_window,2.022653721682897
2024-11-21,2024-11-21 22:10:00,2024-11-22 01:10:00,BTC,LONG,1.0,97975.98,98048.58,time_window,0.07409979466396337
2024-11-21,2024-11-21 22:10:00,2024-11-22 01:10:00,ETH,LONG,1.0,3367.5,3317.5,time_window,-1.4847809948032664
2024-11-21,2024-11-21 22:10:00,2024-11-22 01:10:00,AVAX,LONG,2.0,35.87,35.5,time_window,-2.063005296905478
2024-11-21,2024-11-21 22:10:00,2024-11-22 01:10:00,TRX,LONG,3.0,0.1981,0.1983,time_window,0.30287733467946343
2024-11-21,2024-11-21 22:10:00,2024-11-22 01:10:00,BNB,SHORT,4.0,622.97,627.0,time_window,-2.5876045395444227
2024-11-21,2024-11-21 22:10:00,2024-11-22 01:10:00,SOL,SHORT,5.0,254.32,254.42,time_window,-0.1966027052532131
2024-11-22,2024-11-22 01:10:00,2024-11-22 04:10:00,BTC,LONG,1.0,98048.58,98871.12,time_window,0.8389106706083795
2024-11-22,2024-11-22 01:10:00,2024-11-22 04:10:00,ETH,LONG,1.0,3317.5,3370.41,time_window,1.5948756593820606
2024-11-22,2024-11-22 01:10:00,2024-11-22 04:10:00,XRP,LONG,202.0,1.3089,1.4219,time_window,1743.9070975628388
2024-11-22,2024-11-22 01:10:00,2024-11-22 04:10:00,BNB,LONG,203.0,627.0,633.53,time_window,211.41786283891457
2024-11-22,2024-11-22 01:10:00,2024-11-22 04:10:00,SOL,LONG,104.0,254.42,262.07,time_window,312.7112648376702
2024-11-22,2024-11-22 01:10:00,2024-11-22 04:10:00,FTM,SHORT,105.0,0.696,0.7156,time_window,-295.68965517241475
2024-11-22,2024-11-22 04:10:00,2024-11-22 07:10:00,BTC,LONG,1.0,98871.12,98970.46,time_window,0.1004742335274558
2024-11-22,2024-11-22 04:10:00,2024-11-22 07:10:00,ETH,LONG,202.0,3370.41,3378.42,time_window,48.00662233971666
2024-11-22,2024-11-22 04:10:00,2024-11-22 07:10:00,TAO,LONG,203.0,509.9,499.1,time_window,-429.96666012943535
2024-11-22,2024-11-22 04:10:00,2024-11-22 07:10:00,SUI,SHORT,154.0,3.6358,3.5733,time_window,264.728532922603
2024-11-22,2024-11-22 04:10:00,2024-11-22 07:10:00,XRP,SHORT,105.0,1.4219,1.3951,time_window,197.90421267318328
2024-11-22,2024-11-22 04:10:00,2024-11-22 07:10:00,ADA,SHORT,106.0,0.8773,0.8784,time_window,-13.290778525019824
2024-11-22,2024-11-22 07:10:00,2024-11-22 10:10:00,BNB,LONG,15.0,628.79,630.06,time_window,3.0296283337838914
2024-11-22,2024-11-22 07:10:00,2024-11-22 10:10:00,XRP,LONG,15.0,1.3951,1.3994,time_window,4.623324492867863
2024-11-22,2024-11-22 07:10:00,2024-11-22 10:10:00,TRX,LONG,15.0,0.1988,0.1985,time_window,-2.263581488933562
2024-11-22,2024-11-22 07:10:00,2024-11-22 10:10:00,SHIB,SHORT,15.0,2.487e-05,2.467e-05,time_window,12.06272617611589
2024-11-22,2024-11-22 07:10:00,2024-11-22 10:10:00,DOGE,SHORT,10.0,0.39359,0.38819,time_window,13.719860768820386
2024-11-22,2024-11-22 07:10:00,2024-11-22 10:10:00,SOL,SHORT,1000.0,259.3,257.6,time_window,655.611261087539
2024-11-22,2024-11-22 10:10:00,2024-11-22 13:10:00,DOGE,LONG,1.0,0.38819,0.41079,time_window,5.821891341868675
2024-11-22,2024-11-22 10:10:00,2024-11-22 13:10:00,ICP,LONG,1.0,9.676,9.855,time_window,1.8499379909053357
2024-11-22,2024-11-22 10:10:00,2024-11-22 13:10:00,UNI,LONG,102.0,9.456,9.474,time_window,19.416243654823074
2024-11-22,2024-11-22 10:10:00,2024-11-22 13:10:00,ADA,LONG,103.0,0.8589,0.8996,time_window,488.07777389684435
2024-11-22,2024-11-22 10:10:00,2024-11-22 13:10:00,XRP,LONG,104.0,1.3994,1.4404,time_window,304.70201514934917
2024-11-22,2024-11-22 10:10:00,2024-11-22 13:10:00,AVAX,SHORT,155.0,36.51,38.62,time_window,-895.7819775403997
2024-11-22,2024-11-22 13:10:00,2024-11-22 16:10:00,ADA,LONG,1.0,0.8996,0.9447,time_window,5.0133392618941786
2024-11-22,2024-11-22 13:10:00,2024-11-22 16:10:00,XRP,LONG,1.0,1.4404,1.4527,time_window,0.8539294640377812
2024-11-22,2024-11-22 13:10:00,2024-11-22 16:10:00,TRX,LONG,102.0,0.1997,0.1999,time_window,10.215322984477007
2024-11-22,2024-11-22 13:10:00,2024-11-22 16:10:00,STX,LONG,153.0,1.945,1.918,time_window,-212.3907455012864
2024-11-22,2024-11-22 13:10:00,2024-11-22 16:10:00,TON,LONG,104.0,5.529,5.468,time_window,-114.74045939591235
2024-11-22,2024-11-22 13:10:00,2024-11-22 16:10:00,SUI,SHORT,105.0,3.5923,3.4622,time_window,380.2716922306034
2024-11-22,2024-11-22 16:10:00,2024-11-22 19:10:00,BTC,LONG,20.0,98300.0,99316.0,time_window,20.671414038657172
2024-11-22,2024-11-22 16:10:00,2024-11-22 19:10:00,ETH,LONG,20.0,3293.99,3280.81,time_window,-8.002452952194655
2024-11-22,2024-11-22 16:10:00,2024-11-22 19:10:00,FTM,LONG,20.0,0.7093,0.7006,time_window,-24.531227971239367
2024-11-22,2024-11-22 16:10:00,2024-11-22 19:10:00,DOGE,LONG,20.0,0.39988,0.39752,time_window,-11.803541062318839
2024-11-22,2024-11-22 16:10:00,2024-11-22 19:10:00,GRT,SHORT,10.0,0.2157,0.2202,time_window,-20.862308762169697
2024-11-22,2024-11-22 16:10:00,2024-11-22 19:10:00,XRP,SHORT,10.0,1.4527,1.4124,time_window,27.741446960831556
2024-11-22,2024-11-22 19:10:00,2024-11-22 22:10:00,BTC,LONG,20.0,99316.0,99133.01,time_window,-3.6850054371904877
2024-11-22,2024-11-22 19:10:00,2024-11-22 22:10:00,ADA,LONG,20.0,0.9578,1.0045,time_window,97.51513885988716
2024-11-22,2024-11-22 19:10:00,2024-11-22 22:10:00,AVAX,LONG,20.0,39.09,41.59,time_window,127.90995139421845
2024-11-22,2024-11-22 19:10:00,2024-11-22 22:10:00,TON,LONG,15.0,5.45,5.391,time_window,-16.238532110091786
2024-11-22,2024-11-22 19:10:00,2024-11-22 22:10:00,SUI,SHORT,15.0,3.4253,3.4855,time_window,-26.362654366040942
2024-11-22,2024-11-22 22:10:00,2024-11-23 01:10:00,BTC,LONG,20.0,99133.01,98555.63,time_window,-11.648592128898137
2024-11-22,2024-11-22 22:10:00,2024-11-23 01:10:00,ETH,LONG,20.0,3307.03,3349.51,time_window,25.690725515039183
2024-11-22,2024-11-22 22:10:00,2024-11-23 01:10:00,SOL,LONG,20.0,257.37,256.78,time_window,-4.584838947818563
2024-11-22,2024-11-22 22:10:00,2024-11-23 01:10:00,DOGE,LONG,15.0,0.41422,0.40874,time_window,-19.844527062913375
2024-11-22,2024-11-22 22:10:00,2024-11-23 01:10:00,TON,SHORT,10.0,5.391,5.544,time_window,-28.380634390651007
2024-11-22,2024-11-22 22:10:00,2024-11-23 01:10:00,XRP,SHORT,15.0,1.458,1.6018,time_window,-147.94238683127566
2024-11-23,2024-11-23 01:10:00,2024-11-23 04:10:00,DOGE,LONG,10.0,0.40874,0.46185,time_window,129.93590057249105
2024-11-23,2024-11-23 01:10:00,2024-11-23 04:10:00,SOL,LONG,10.0,256.78,258.26,time_window,5.763688760806987
2024-11-23,2024-11-23 01:10:00,2024-11-23 04:10:00,ETH,LONG,10.0,3349.51,3341.81,time_window,-2.298843711468326
2024-11-23,2024-11-23 01:10:00,2024-11-23 04:10:00,ADA,LONG,20.0,1.1252,1.0655,time_window,-106.11446853892657
2024-11-23,2024-11-23 01:10:00,2024-11-23 04:10:00,XRP,SHORT,10.0,1.6018,1.5325,time_window,43.26382819328251
2024-11-23,2024-11-23 04:10:00,2024-11-23 07:10:00,ADA,LONG,1.0,1.0655,1.0988,time_window,3.1252932895354397
2024-11-23,2024-11-23 04:10:00,2024-11-23 07:10:00,FTM,LONG,1.0,0.7835,0.8194,time_window,4.582003828972565
2024-11-23,2024-11-23 04:10:00,2024-11-23 07:10:00,BTC,LONG,102.0,98564.09,98679.36,time_window,11.928827222977878
2024-11-23,2024-11-23 04:10:00,2024-11-23 07:10:00,DOGE,LONG,103.0,0.46185,0.4641,time_window,50.178629425138695
2024-11-23,2024-11-23 04:10:00,2024-11-23 07:10:00,LTC,LONG,204.0,100.57,102.08,time_window,306.29412349607344
2024-11-23,2024-11-23 04:10:00,2024-11-23 07:10:00,SOL,SHORT,105.0,258.26,259.3,time_window,-42.28297064973366
2024-11-23,2024-11-23 07:10:00,2024-11-23 10:10:00,BTC,LONG,20.0,98679.36,98468.99,time_window,-4.263708236453811
2024-11-23,2024-11-23 07:10:00,2024-11-23 10:10:00,ETH,LONG,20.0,3348.93,3358.76,time_window,5.870531781793219
2024-11-23,2024-11-23 07:10:00,2024-11-23 10:10:00,TRX,LONG,20.0,0.209,0.214,time_window,47.846889952153155
2024-11-23,2024-11-23 07:10:00,2024-11-23 10:10:00,ADA,LONG,20.0,1.0988,1.0704,time_window,-51.69275573352745
2024-11-23,2024-11-23 07:10:00,2024-11-23 10:10:00,LTC,LONG,15.0,102.08,101.95,time_window,-1.910266457680184
2024-11-23,2024-11-23 07:10:00,2024-11-23 10:10:00,UNI,SHORT,10.0,10.366,10.488,time_window,-11.769245610650191
2024-11-23,2024-11-23 10:10:00,2024-11-23 13:10:00,BTC,LONG,20.0,98468.99,98672.25,time_window,4.128406313500214
2024-11-23,2024-11-23 10:10:00,2024-11-23 13:10:00,ADA,LONG,20.0,1.0704,1.074,time_window,6.726457399103227
2024-11-23,2024-11-23 10:10:00,2024-11-23 13:10:00,SOL,LONG,20.0,258.56,258.73,time_window,1.3149752475248755
2024-11-23,2024-11-23 10:10:00,2024-11-23 13:10:00,AVAX,SHORT,10.0,42.27,42.67,time_window,-9.462976105985298
2024-11-23,2024-11-23 10:10:00,2024-11-23 13:10:00,UNI,SHORT,15.0,10.488,10.65,time_window,-23.169336384439475
2024-11-23,2024-11-23 13:10:00,2024-11-23 16:10:00,TON,LONG,1.0,5.804,6.336,time_window,9.166092350103378
2024-11-23,2024-11-23 13:10:00,2024-11-23 16:10:00,LTC,LONG,1.0,102.66,105.22,time_window,2.493668420027277
2024-11-23,2024-11-23 13:10:00,2024-11-23 16:10:00,SOL,LONG,103.0,258.73,260.0,time_window,50.55849727515097
2024-11-23,2024-11-23 13:10:00,2024-11-23 16:10:00,TRX,SHORT,104.0,0.2206,0.2182,time_window,113.1459655485034
2024-11-23,2024-11-23 13:10:00,2024-11-23 16:10:00,UNI,SHORT,155.0,10.65,11.181,time_window,-772.8169014084489
2024-11-23,2024-11-23 16:10:00,2024-11-23 19:10:00,TAO,LONG,1.0,540.2,520.7,time_window,-3.6097741577193627
2024-11-23,2024-11-23 16:10:00,2024-11-23 19:10:00,FTM,LONG,2.0,0.9234,0.8747,time_window,-10.547974875460248
2024-11-23,2024-11-23 16:10:00,2024-11-23 19:10:00,UNI,LONG,3.0,11.181,10.977,time_window,-5.473571236919744
2024-11-23,2024-11-23 16:10:00,2024-11-23 19:10:00,ADA,SHORT,4.0,1.1154,1.0625,time_window,18.970772816926644
2024-11-23,2024-11-23 16:10:00,2024-11-23 19:10:00,ICP,SHORT,5.0,11.967,11.533,time_window,18.133199632322263
2024-11-23,2024-11-23 19:10:00,2024-11-23 22:10:00,BTC,LONG,1.0,97735.9,97955.93,time_window,0.22512710273297618
2024-11-23,2024-11-23 19:10:00,2024-11-23 22:10:00,ETH,LONG,1.0,3421.61,3419.5,time_window,-0.06166687611972514
2024-11-23,2024-11-23 19:10:00,2024-11-23 22:10:00,ADA,LONG,202.0,1.0625,1.0911,time_window,543.7364705882345
2024-11-23,2024-11-23 19:10:00,2024-11-23 22:10:00,AVAX,LONG,203.0,42.17,42.2,time_window,14.441546122836685
2024-11-23,2024-11-23 19:10:00,2024-11-23 22:10:00,XRP,SHORT,105.0,1.4959,1.4912,time_window,32.99017313991525
2024-11-23,2024-11-23 22:10:00,2024-11-24 01:10:00,BTC,LONG,1.0,97955.93,98128.01,time_window,0.17567083483358462
2024-11-23,2024-11-23 22:10:00,2024-11-24 01:10:00,ETH,LONG,1.0,3419.5,3427.38,time_window,0.23044304722913025
2024-11-23,2024-11-23 22:10:00,2024-11-24 01:10:00,SOL,LONG,202.0,256.01,259.14,time_window,246.9669153548686
2024-11-23,2024-11-23 22:10:00,2024-11-24 01:10:00,ICP,LONG,203.0,11.521,11.671,time_window,264.29997396059116
2024-11-23,2024-11-23 22:10:00,2024-11-24 01:10:00,BNB,SHORT,105.0,656.56,659.94,time_window,-54.054465700013935
2024-11-24,2024-11-24 01:10:00,2024-11-24 04:10:00,BTC,LONG,20.0,98128.01,98220.01,time_window,1.8751017166250494
2024-11-24,2024-11-24 01:10:00,2024-11-24 04:10:00,ETH,LONG,20.0,3427.38,3428.01,time_window,0.36762775064341224
2024-11-24,2024-11-24 01:10:00,2024-11-24 04:10:00,SOL,LONG,20.0,259.14,258.73,time_window,-3.164312726711185
2024-11-24,2024-11-24 01:10:00,2024-11-24 04:10:00,GRT,LONG,20.0,0.2489,0.2566,time_window,61.872237846524584
2024-11-24,2024-11-24 01:10:00,2024-11-24 04:10:00,UNI,SHORT,10.0,10.979,10.999,time_window,-1.8216595318336235
2024-11-24,2024-11-24 04:10:00,2024-11-24 07:10:00,BTC,LONG,20.0,98220.01,98410.03,time_window,3.869272666537177
2024-11-24,2024-11-24 04:10:00,2024-11-24 07:10:00,ADA,LONG,20.0,1.0868,1.0689,time_window,-32.940743467059306
2024-11-24,2024-11-24 04:10:00,2024-11-24 07:10:00,LTC,LONG,20.0,102.12,102.06,time_window,-1.175088131609915
2024-11-24,2024-11-24 04:10:00,2024-11-24 07:10:00,UNI,LONG,10.0,10.999,11.134,time_window,12.273843076643312
2024-11-24,2024-11-24 04:10:00,2024-11-24 07:10:00,TON,SHORT,15.0,6.429,6.446,time_window,-3.9664022398505505
2024-11-24,2024-11-24 04:10:00,2024-11-24 07:10:00,ICP,SHORT,10.0,11.977,11.699,time_window,23.21115471320034
2024-11-24,2024-11-24 07:10:00,2024-11-24 10:10:00,LTC,LONG,10.0,102.06,99.8,time_window,-22.143836958651825
2024-11-24,2024-11-24 07:10:00,2024-11-24 10:10:00,ADA,LONG,10.0,1.0689,1.0493,time_window,-18.336607727570456
2024-11-24,2024-11-24 07:10:00,2024-11-24 10:10:00,ETH,LONG,10.0,3421.73,3401.2,time_window,-5.999888945065858
2024-11-24,2024-11-24 07:10:00,2024-11-24 10:10:00,STX,LONG,10.0,2.135,2.085,time_window,-23.41920374707252
2024-11-24,2024-11-24 07:10:00,2024-11-24 10:10:00,SUI,SHORT,20.0,3.4885,3.4355,time_window,30.385552529740536
2024-11-24,2024-11-24 07:10:00,2024-11-24 10:10:00,ICP,SHORT,10.0,11.699,11.521,time_window,15.214975638943418
2024-11-24,2024-11-24 10:10:00,2024-11-24 13:10:00,BTC,LONG,1.0,97882.72,97235.69,time_window,-0.6610257663456828
2024-11-24,2024-11-24 10:10:00,2024-11-24 13:10:00,ETH,LONG,1.0,3401.2,3329.32,time_window,-2.1133717511466443
2024-11-24,2024-11-24 10:10:00,2024-11-24 13:10:00,ADA,LONG,202.0,1.0493,0.9931,time_window,-1081.9022205279696
2024-11-24,2024-11-24 10:10:00,2024-11-24 13:10:00,DOGE,LONG,203.0,0.43167,0.41516,time_window,-776.4102207704972
2024-11-24,2024-11-24 10:10:00,2024-11-24 13:10:00,SOL,LONG,154.0,253.89,245.86,time_window,-487.0692031982338
2024-11-24,2024-11-24 10:10:00,2024-11-24 13:10:00,GRT,SHORT,105.0,0.2555,0.2361,time_window,797.2602739726027
2024-11-24,2024-11-24 13:10:00,2024-11-24 16:10:00,BTC,LONG,1.0,97235.69,96142.84,time_window,-1.1239185940882466
2024-11-24,2024-11-24 13:10:00,2024-11-24 16:10:00,ETH,LONG,20.0,3329.32,3311.06,time_window,-10.969206925137996
2024-11-24,2024-11-24 13:10:00,2024-11-24 16:10:00,FTM,LONG,20.0,0.8784,0.931,time_window,119.7632058287798
2024-11-24,2024-11-24 13:10:00,2024-11-24 16:10:00,ADA,LONG,10.0,0.9931,0.9794,time_window,-13.795186788842951
2024-11-24,2024-11-24 13:10:00,2024-11-24 16:10:00,GRT,SHORT,15.0,0.2361,0.234,time_window,13.341804320203243
2024-11-24,2024-11-24 13:10:00,2024-11-24 16:10:00,BTC,SHORT,10.0,97235.69,96142.84,time_window,11.239185940882466
2024-11-24,2024-11-24 16:10:00,2024-11-24 19:10:00,BTC,LONG,1.0,96142.84,96230.0,time_window,0.090656776937319
2024-11-24,2024-11-24 16:10:00,2024-11-24 19:10:00,ETH,LONG,1.0,3311.06,3319.99,time_window,0.26970214976472295
2024-11-24,2024-11-24 16:10:00,2024-11-24 19:10:00,ADA,LONG,202.0,0.9794,0.9867,time_window,150.56156830712627
2024-11-24,2024-11-24 16:10:00,2024-11-24 19:10:00,FTM,LONG,203.0,0.931,0.974,time_window,937.5939849624043
2024-11-24,2024-11-24 16:10:00,2024-11-24 19:10:00,DOGE,LONG,154.0,0.41353,0.41731,time_window,140.7685053079585
2024-11-24,2024-11-24 16:10:00,2024-11-24 19:10:00,TRX,SHORT,105.0,0.2029,0.2053,time_window,-124.19911286348024
2024-11-24,2024-11-24 19:10:00,2024-11-24 22:10:00,BTC,LONG,20.0,96230.0,97319.86,time_window,22.65114829055389
2024-11-24,2024-11-24 19:10:00,2024-11-24 22:10:00,AVAX,LONG,20.0,39.96,41.6,time_window,82.08208208208211
2024-11-24,2024-11-24 19:10:00,2024-11-24 22:10:00,DOGE,LONG,15.0,0.41731,0.42795,time_window,38.244949797512575
2024-11-24,2024-11-24 19:10:00,2024-11-24 22:10:00,DOGE,SHORT,15.0,0.41731,0.42795,time_window,-38.244949797512575
2024-11-24,2024-11-24 19:10:00,2024-11-24 22:10:00,UNI,SHORT,10.0,10.461,10.792,time_window,-31.641334480451153
2024-11-24,2024-11-24 19:10:00,2024-11-24 22:10:00,ICP,SHORT,10.0,10.967,11.559,time_window,-53.980122184735905
2024-11-24,2024-11-24 22:10:00,2024-11-25 01:10:00,UNI,LONG,10.0,10.792,10.781,time_window,-1.0192735359524865
2024-11-24,2024-11-24 22:10:00,2024-11-25 01:10:00,STX,LONG,10.0,2.018,2.209,time_window,94.64816650148677
2024-11-24,2024-11-24 22:10:00,2024-11-25 01:10:00,AVAX,LONG,15.0,41.6,40.91,time_window,-24.879807692307864
2024-11-24,2024-11-24 22:10:00,2024-11-25 01:10:00,SOL,SHORT,10.0,251.48,249.64,time_window,7.316685223477029
2024-11-24,2024-11-24 22:10:00,2024-11-25 01:10:00,BNB,SHORT,10.0,658.89,655.39,time_window,5.311964060768869
2024-11-25,2024-11-25 01:10:00,2024-11-25 04:10:00,BTC,LONG,20.0,97618.15,97986.6,time_window,7.5488011194641915
2024-11-25,2024-11-25 01:10:00,2024-11-25 04:10:00,ETH,LONG,20.0,3336.04,3372.42,time_window,21.810290044483942
2024-11-25,2024-11-25 01:10:00,2024-11-25 04:10:00,ADA,LONG,20.0,0.9943,1.0419,time_window,95.745750779443
2024-11-25,2024-11-25 01:10:00,2024-11-25 04:10:00,STX,LONG,20.0,2.209,2.351,time_window,128.56496152105015
2024-11-25,2024-11-25 01:10:00,2024-11-25 04:10:00,TAO,SHORT,10.0,530.4,527.8,time_window,4.9019607843137685
2024-11-25,2024-11-25 01:10:00,2024-11-25 04:10:00,FTM,SHORT,10.0,0.9591,0.9602,time_window,-1.1469085601085403
2024-11-25,2024-11-25 04:10:00,2024-11-25 07:10:00,SOL,LONG,1.0,253.37,252.62,time_window,-0.29600978805699174
2024-11-25,2024-11-25 04:10:00,2024-11-25 07:10:00,GRT,LONG,1.0,0.2583,0.2546,time_window,-1.4324428958575228
2024-11-25,2024-11-25 04:10:00,2024-11-25 07:10:00,STX,LONG,2.0,2.351,2.241,time_window,-9.357720119098245
2024-11-25,2024-11-25 04:10:00,2024-11-25 07:10:00,ICP,LONG,3.0,11.381,11.57,time_window,4.981987523064759
2024-11-25,2024-11-25 04:10:00,2024-11-25 07:10:00,ADA,SHORT,4.0,1.0419,1.0326,time_window,3.570400230348435
2024-11-25,2024-11-25 07:10:00,2024-11-25 10:10:00,BTC,LONG,20.0,98199.96,98643.01,time_window,9.023425264124107
2024-11-25,2024-11-25 07:10:00,2024-11-25 10:10:00,ETH,LONG,20.0,3381.5,3471.63,time_window,53.307703681798074
2024-11-25,2024-11-25 07:10:00,2024-11-25 10:10:00,ICP,LONG,20.0,11.57,12.515,time_window,163.35350043215215
2024-11-25,2024-11-25 07:10:00,2024-11-25 10:10:00,AVAX,LONG,20.0,42.93,46.23,time_window,153.7386443046819
2024-11-25,2024-11-25 07:10:00,2024-11-25 10:10:00,TAO,SHORT,15.0,526.0,531.8,time_window,-16.539923954372494
2024-11-25,2024-11-25 07:10:00,2024-11-25 10:10:00,DOGE,SHORT,10.0,0.42525,0.43225,time_window,-16.460905349794256
2024-11-25,2024-11-25 10:10:00,2024-11-25 13:10:00,ETH,LONG,20.0,3471.63,3463.01,time_window,-4.96596699533066
2024-11-25,2024-11-25 10:10:00,2024-11-25 13:10:00,ADA,LONG,20.0,1.0619,1.023,time_window,-73.26490253319551
2024-11-25,2024-11-25 10:10:00,2024-11-25 13:10:00,BNB,LONG,20.0,669.8,659.49,time_window,-30.785309047476694
2024-11-25,2024-11-25 10:10:00,2024-11-25 13:10:00,ICP,LONG,15.0,12.515,12.108,time_window,-48.781462245305626
2024-11-25,2024-11-25 10:10:00,2024-11-25 13:10:00,DOGE,SHORT,15.0,0.43225,0.41689,time_window,53.30248698669765
2024-11-25,2024-11-25 10:10:00,2024-11-25 13:10:00,SHIB,SHORT,10.0,2.609e-05,2.559e-05,time_window,19.1644308164047
2024-11-25,2024-11-25 13:10:00,2024-11-25 16:10:00,TAO,LONG,10.0,517.7,529.3,time_window,22.4067993046164
2024-11-25,2024-11-25 13:10:00,2024-11-25 16:10:00,ETH,LONG,10.0,3463.01,3523.09,time_window,17.34906916237606
2024-11-25,2024-11-25 13:10:00,2024-11-25 16:10:00,AVAX,SHORT,10.0,44.32,43.47,time_window,19.17870036101086
2024-11-25,2024-11-25 13:10:00,2024-11-25 16:10:00,SOL,SHORT,15.0,248.91,243.43,time_window,33.02398457273707
2024-11-25,2024-11-25 13:10:00,2024-11-25 16:10:00,FTM,SHORT,10.0,0.9273,0.9788,time_window,-55.53758222797367
2024-11-25,2024-11-25 16:10:00,2024-11-25 19:10:00,BTC,SHORT,20.0,95884.0,95184.0,time_window,14.600976179550289
2024-11-25,2024-11-25 16:10:00,2024-11-25 19:10:00,ETH,SHORT,20.0,3523.09,3449.82,time_window,41.5941687552688
2024-11-25,2024-11-25 16:10:00,2024-11-25 19:10:00,ADA,LONG,20.0,1.0019,1.0019,time_window,0.0
2024-11-25,2024-11-25 16:10:00,2024-11-25 19:10:00,FTM,LONG,20.0,0.9788,0.942,time_window,-75.194115243155
2024-11-25,2024-11-25 16:10:00,2024-11-25 19:10:00,TON,SHORT,10.0,6.196,6.09,time_window,17.107811491284682
2024-11-25,2024-11-25 16:10:00,2024-11-25 19:10:00,XRP,LONG,10.0,1.4207,1.4655,time_window,31.53375096783272
2024-11-25,2024-11-25 19:10:00,2024-11-25 22:10:00,BTC,LONG,20.0,95184.0,94152.01,time_window,-21.68410657253331
2024-11-25,2024-11-25 19:10:00,2024-11-25 22:10:00,ADA,LONG,20.0,1.0019,0.9683,time_window,-67.07256213194921
2024-11-25,2024-11-25 19:10:00,2024-11-25 22:10:00,DOGE,SHORT,20.0,0.4022,0.39837,time_window,19.045251118846345
2024-11-25,2024-11-25 19:10:00,2024-11-25 22:10:00,AVAX,LONG,10.0,41.72,42.24,time_window,12.464046021093075
2024-11-25,2024-11-25 19:10:00,2024-11-25 22:10:00,SUI,SHORT,10.0,3.1682,3.1738,time_window,-1.7675651789659197
2024-11-25,2024-11-25 19:10:00,2024-11-25 22:10:00,UNI,LONG,10.0,11.39,11.309,time_window,-7.111501316944802
2024-11-25,2024-11-25 22:10:00,2024-11-26 01:10:00,TON,LONG,1.0,6.168,6.122,time_window,-0.7457846952010418
2024-11-25,2024-11-25 22:10:00,2024-11-26 01:10:00,STX,LONG,1.0,2.15,2.189,time_window,1.8139534883720998
2024-11-25,2024-11-25 22:10:00,2024-11-26 01:10:00,UNI,LONG,102.0,11.309,11.354,time_window,40.58714298346443
2024-11-25,2024-11-25 22:10:00,2024-11-26 01:10:00,FTM,LONG,103.0,0.9663,1.0165,time_window,535.0926213391276
2024-11-25,2024-11-25 22:10:00,2024-11-26 01:10:00,ICP,LONG,104.0,11.79,11.785,time_window,-4.410517387615747
2024-11-25,2024-11-25 22:10:00,2024-11-26 01:10:00,ETH,SHORT,105.0,3441.02,3437.82,time_window,9.764546558868618
2024-11-26,2024-11-26 01:10:00,2024-11-26 04:10:00,BTC,LONG,1.0,94020.66,94214.29,time_window,0.2059440978184902
2024-11-26,2024-11-26 01:10:00,2024-11-26 04:10:00,ETH,LONG,1.0,3437.82,3425.82,time_window,-0.3490584149257378
2024-11-26,2024-11-26 01:10:00,2024-11-26 04:10:00,FTM,SHORT,202.0,1.0165,0.951,time_window,1301.623216920807
2024-11-26,2024-11-26 01:10:00,2024-11-26 04:10:00,ADA,LONG,203.0,0.9639,0.9665,time_window,54.75671750181653
2024-11-26,2024-11-26 01:10:00,2024-11-26 04:10:00,UNI,SHORT,104.0,11.354,11.45,time_window,-87.93376783512427
2024-11-26,2024-11-26 01:10:00,2024-11-26 04:10:00,TRX,LONG,155.0,0.1971,0.1978,time_window,55.04819888381581
2024-11-26,2024-11-26 04:10:00,2024-11-26 07:10:00,BTC,LONG,1.0,94214.29,94208.0,time_window,-0.006676269597736817
2024-11-26,2024-11-26 04:10:00,2024-11-26 07:10:00,ETH,LONG,1.0,3425.82,3408.27,time_window,-0.5122861096029617
2024-11-26,2024-11-26 04:10:00,2024-11-26 07:10:00,UNI,LONG,202.0,11.45,11.51,time_window,105.85152838428037
2024-11-26,2024-11-26 04:10:00,2024-11-26 07:10:00,ICP,LONG,203.0,11.646,11.535,time_window,-193.48274085523036
2024-11-26,2024-11-26 04:10:00,2024-11-26 07:10:00,TON,SHORT,154.0,6.166,6.197,time_window,-77.42458644177674
2024-11-26,2024-11-26 04:10:00,2024-11-26 07:10:00,TRX,SHORT,105.0,0.1978,0.1995,time_window,-90.2426693629933
2024-11-26,2024-11-26 07:10:00,2024-11-26 10:10:00,GRT,LONG,1.0,0.2469,0.2398,time_window,-2.875658161198864
2024-11-26,2024-11-26 10:10:00,2024-11-26 13:10:00,BTC,LONG,20.0,93309.95,92531.97,time_window,-16.67517772756273
2024-11-26,2024-11-26 10:10:00,2024-11-26 13:10:00,ETH,LONG,20.0,3346.13,3324.79,time_window,-12.755033426675082
2024-11-26,2024-11-26 10:10:00,2024-11-26 13:10:00,TRX,LONG,20.0,0.1949,0.1895,time_window,-55.413032324268734
2024-11-26,2024-11-26 10:10:00,2024-11-26 13:10:00,TAO,LONG,20.0,521.8,518.4,time_window,-13.031812955155146
2024-11-26,2024-11-26 10:10:00,2024-11-26 13:10:00,LTC,SHORT,10.0,91.61,90.6,time_window,11.024997271040336
2024-11-26,2024-11-26 10:10:00,2024-11-26 13:10:00,ADA,SHORT,10.0,0.9377,0.9045,time_window,35.40578010024529
2024-11-26,2024-11-26 13:10:00,2024-11-26 16:10:00,BTC,LONG,20.0,92531.97,93204.88,time_window,14.54437855370427
2024-11-26,2024-11-26 13:10:00,2024-11-26 16:10:00,ADA,LONG,20.0,0.9045,0.9144,time_window,21.890547263681633
2024-11-26,2024-11-26 13:10:00,2024-11-26 16:10:00,XRP,LONG,20.0,1.335,1.3606,time_window,38.352059925093734
2024-11-26,2024-11-26 13:10:00,2024-11-26 16:10:00,GRT,LONG,10.0,0.2324,0.2351,time_window,11.617900172117075
2024-11-26,2024-11-26 13:10:00,2024-11-26 16:10:00,ICP,SHORT,10.0,11.001,10.957,time_window,3.9996363966910926
2024-11-26,2024-11-26 13:10:00,2024-11-26 16:10:00,DOGE,SHORT,10.0,0.37515,0.38479,time_window,-25.6963881114222
2024-11-26,2024-11-26 19:10:00,2024-11-26 22:10:00,BTC,LONG,20.0,92505.79,92227.66,time_window,-6.013245224974353
2024-11-26,2024-11-26 19:10:00,2024-11-26 22:10:00,ETH,LONG,20.0,3296.67,3338.83,time_window,25.577324997649058
2024-11-26,2024-11-26 19:10:00,2024-11-26 22:10:00,ADA,LONG,20.0,0.9182,0.9599,time_window,90.82988455674138
2024-11-26,2024-11-26 19:10:00,2024-11-26 22:10:00,SUI,LONG,15.0,3.3978,3.4356,time_window,16.687268232385588
2024-11-26,2024-11-26 19:10:00,2024-11-26 22:10:00,TRX,SHORT,10.0,0.1915,0.1942,time_window,-14.099216710182809
2024-11-26,2024-11-26 22:10:00,2024-11-27 01:10:00,BTC,LONG,20.0,92227.66,91916.02,time_window,-6.758059350090838
2024-11-26,2024-11-26 22:10:00,2024-11-27 01:10:00,TAO,LONG,20.0,567.9,556.5,time_window,-40.14791336502897
2024-11-26,2024-11-26 22:10:00,2024-11-27 01:10:00,STX,LONG,15.0,2.109,2.079,time_window,-21.337126600284357
2024-11-26,2024-11-26 22:10:00,2024-11-27 01:10:00,SOL,LONG,10.0,231.77,228.59,time_window,-13.720498770332686
2024-11-26,2024-11-26 22:10:00,2024-11-27 01:10:00,FTM,SHORT,10.0,1.0906,1.0556,time_window,32.0924261874197
2024-11-26,2024-11-26 22:10:00,2024-11-27 01:10:00,ICP,SHORT,10.0,11.13,10.915,time_window,19.317160826594936
2024-11-27,2024-11-27 01:10:00,2024-11-27 04:10:00,BTC,LONG,20.0,91916.02,92716.0,time_window,17.40675890883865
2024-11-27,2024-11-27 01:10:00,2024-11-27 04:10:00,UNI,LONG,20.0,10.772,11.42,time_window,120.3119197920534
2024-11-27,2024-11-27 01:10:00,2024-11-27 04:10:00,GRT,LONG,10.0,0.2368,0.2394,time_window,10.979729729729693
2024-11-27,2024-11-27 01:10:00,2024-11-27 04:10:00,ICP,SHORT,10.0,10.915,11.111,time_window,-17.956939990838436
2024-11-27,2024-11-27 01:10:00,2024-11-27 04:10:00,STX,SHORT,10.0,2.079,2.094,time_window,-7.215007215007061
2024-11-27,2024-11-27 04:10:00,2024-11-27 07:10:00,BTC,LONG,1.0,92716.0,93232.74,time_window,0.5573363820699828
2024-11-27,2024-11-27 04:10:00,2024-11-27 07:10:00,ETH,LONG,1.0,3373.97,3429.07,time_window,1.6330909877681297
2024-11-27,2024-11-27 04:10:00,2024-11-27 07:10:00,ETH,LONG,202.0,3373.97,3429.07,time_window,329.8843795291622
2024-11-27,2024-11-27 04:10:00,2024-11-27 07:10:00,AVAX,LONG,203.0,42.85,42.7,time_window,-71.0618436406061
2024-11-27,2024-11-27 04:10:00,2024-11-27 07:10:00,SUI,LONG,203.0,3.3547,3.3706,time_window,96.214266551407
2024-11-27,2024-11-27 04:10:00,2024-11-27 07:10:00,SUI,LONG,154.0,3.3547,3.3706,time_window,72.99013324589497
2024-11-27,2024-11-27 04:10:00,2024-11-27 07:10:00,UNI,SHORT,106.0,11.42,11.618,time_window,-183.78283712784625
2024-11-27,2024-11-27 07:10:00,2024-11-27 10:10:00,ETH,LONG,1.0,3429.07,3416.42,time_window,-0.3689046884432248
2024-11-27,2024-11-27 07:10:00,2024-11-27 10:10:00,ADA,LONG,152.0,0.9669,0.985,time_window,284.53821491364164
2024-11-27,2024-11-27 07:10:00,2024-11-27 10:10:00,TON,LONG,203.0,6.266,6.273,time_window,22.67794446217577
2024-11-27,2024-11-27 07:10:00,2024-11-27 10:10:00,SOL,LONG,104.0,232.31,233.07,time_window,34.02350307778359
2024-11-27,2024-11-27 07:10:00,2024-11-27 10:10:00,FTM,SHORT,105.0,1.0786,1.0658,time_window,124.6059707027621
2024-11-27,2024-11-27 10:10:00,2024-11-27 13:10:00,LTC,LONG,1.0,95.01,95.93,time_window,0.9683191243027068
2024-11-27,2024-11-27 10:10:00,2024-11-27 13:10:00,TRX,LONG,1.0,0.1991,0.2006,time_window,0.7533902561526877
2024-11-27,2024-11-27 10:10:00,2024-11-27 13:10:00,ADA,LONG,102.0,0.985,0.9965,time_window,119.08629441624436
2024-11-27,2024-11-27 10:10:00,2024-11-27 13:10:00,GRT,LONG,153.0,0.2435,0.2449,time_window,87.9671457905552
2024-11-27,2024-11-27 10:10:00,2024-11-27 13:10:00,SUI,SHORT,105.0,3.3805,3.3939,time_window,-41.62106197308045
2024-11-27,2024-11-27 13:10:00,2024-11-27 16:10:00,TON,LONG,10.0,6.263,6.362,time_window,15.807121187929138
2024-11-27,2024-11-27 13:10:00,2024-11-27 16:10:00,FTM,LONG,10.0,1.04,1.0591,time_window,18.365384615384514
2024-11-27,2024-11-27 13:10:00,2024-11-27 16:10:00,BTC,SHORT,10.0,93714.82,95672.01,time_window,-20.88453032295199
2024-11-27,2024-11-27 13:10:00,2024-11-27 16:10:00,ICP,SHORT,20.0,11.414,11.53,time_window,-20.325915542316395
2024-11-27,2024-11-27 13:10:00,2024-11-27 16:10:00,AVAX,SHORT,10.0,42.88,43.64,time_window,-17.72388059701488
2024-11-27,2024-11-27 17:32:00,2024-11-27 20:32:00,BTC,LONG,20.0,95939.53,97026.71,time_window,22.663859203813228
2024-11-27,2024-11-27 17:32:00,2024-11-27 20:32:00,ETH,LONG,20.0,3557.81,3611.17,time_window,29.995980673504278
2024-11-27,2024-11-27 17:32:00,2024-11-27 20:32:00,XRP,LONG,20.0,1.4742,1.512,time_window,51.282051282051356
2024-11-27,2024-11-27 17:32:00,2024-11-27 20:32:00,UNI,LONG,20.0,13.175,13.058,time_window,-17.76091081593941
2024-11-27,2024-11-27 17:32:00,2024-11-27 20:32:00,ADA,LONG,15.0,1.0142,1.0307,time_window,24.40347071583508
2024-11-27,2024-11-27 17:32:00,2024-11-27 20:32:00,DOGE,SHORT,10.0,0.40128,0.40661,time_window,-13.282496012759173
2024-11-27,2024-11-27 20:32:00,2024-11-27 23:32:00,BTC,LONG,20.0,97026.71,95836.01,time_window,-24.54375707472739
2024-11-27,2024-11-27 20:32:00,2024-11-27 23:32:00,ETH,LONG,20.0,3611.17,3659.6,time_window,26.822331820434833
2024-11-27,2024-11-27 20:32:00,2024-11-27 23:32:00,BNB,LONG,20.0,642.18,642.75,time_window,1.7752032140522909
2024-11-27,2024-11-27 20:32:00,2024-11-27 23:32:00,TAO,LONG,15.0,583.3,561.1,time_window,-57.088976512943425
2024-11-27,2024-11-27 20:32:00,2024-11-27 23:32:00,ADA,SHORT,10.0,1.0307,1.0062,time_window,23.770253225962907
2024-11-27,2024-11-27 20:32:00,2024-11-27 23:32:00,TON,SHORT,10.0,6.418,6.374,time_window,6.8557182923029725
2024-11-27,2024-11-27 23:32:00,2024-11-28 02:32:00,DOGE,LONG,1.0,0.40054,0.4278,time_window,6.805812153592651
2024-11-27,2024-11-27 23:32:00,2024-11-28 02:32:00,BNB,LONG,1.0,642.75,653.83,time_window,1.723842862699345
2024-11-27,2024-11-27 23:32:00,2024-11-28 02:32:00,BTC,LONG,102.0,95836.01,96395.3,time_window,59.52624697125938
2024-11-27,2024-11-27 23:32:00,2024-11-28 02:32:00,GRT,LONG,103.0,0.2573,0.2571,time_window,-8.006218422074518
2024-11-27,2024-11-27 23:32:00,2024-11-28 02:32:00,STX,LONG,204.0,2.216,2.291,time_window,690.4332129963874
2024-11-27,2024-11-27 23:32:00,2024-11-28 02:32:00,TAO,SHORT,105.0,561.1,566.0,time_window,-91.69488504722824
2024-11-28,2024-11-28 02:32:00,2024-11-28 05:32:00,BNB,LONG,15.0,653.83,654.56,time_window,1.6747472584614602
2024-11-28,2024-11-28 02:32:00,2024-11-28 05:32:00,ADA,LONG,15.0,1.0297,1.0094,time_window,-29.571719918422815
2024-11-28,2024-11-28 02:32:00,2024-11-28 05:32:00,SUI,LONG,15.0,3.5758,3.5446,time_window,-13.08798031209804
2024-11-28,2024-11-28 02:32:00,2024-11-28 05:32:00,UNI,LONG,15.0,12.58,12.572,time_window,-0.9538950715422371
2024-11-28,2024-11-28 02:32:00,2024-11-28 05:32:00,ETH,SHORT,10.0,3642.34,3598.37,time_window,12.071909816217117
2024-11-28,2024-11-28 05:32:00,2024-11-28 08:32:00,BTC,LONG,20.0,95680.0,95536.0,time_window,-3.0100334448160533
2024-11-28,2024-11-28 05:32:00,2024-11-28 08:32:00,ETH,LONG,20.0,3598.37,3624.06,time_window,14.278687294525053
2024-11-28,2024-11-28 05:32:00,2024-11-28 08:32:00,BNB,LONG,20.0,654.56,653.55,time_window,-3.086042532388142
2024-11-28,2024-11-28 05:32:00,2024-11-28 08:32:00,SUI,SHORT,15.0,3.5446,3.6482,time_window,-43.841336116910284
2024-11-28,2024-11-28 05:32:00,2024-11-28 08:32:00,ADA,SHORT,10.0,1.0094,1.0008,time_window,8.519912819496891
2024-11-28,2024-11-28 05:32:00,2024-11-28 08:32:00,DOGE,SHORT,10.0,0.40915,0.40506,time_window,9.996333862886564
2024-11-28,2024-11-28 08:32:00,2024-11-28 11:32:00,ETH,LONG,1.0,3624.06,3616.75,time_window,-0.2017074772492714
2024-11-28,2024-11-28 08:32:00,2024-11-28 11:32:00,UNI,LONG,1.0,12.824,12.872,time_window,0.3742981908920777
2024-11-28,2024-11-28 08:32:00,2024-11-28 11:32:00,ADA,LONG,202.0,1.0008,0.9982,time_window,-52.478017585929955
2024-11-28,2024-11-28 08:32:00,2024-11-28 11:32:00,LTC,LONG,153.0,96.29,96.07,time_window,-34.95690102814622
2024-11-28,2024-11-28 08:32:00,2024-11-28 11:32:00,DOGE,LONG,104.0,0.40506,0.40408,time_window,-25.161704438848073
2024-11-28,2024-11-28 08:32:00,2024-11-28 11:32:00,GRT,SHORT,105.0,0.2521,0.2515,time_window,24.99008330027723
